-- phpMyAdmin SQL Dump
-- version 4.4.14
-- http://www.phpmyadmin.net
--
-- Host: 127.0.0.1
-- Generation Time: Mar 19, 2016 at 10:41 PM
-- Server version: 5.6.26
-- PHP Version: 5.5.28

SET SQL_MODE = "NO_AUTO_VALUE_ON_ZERO";
SET time_zone = "+00:00";


/*!40101 SET @OLD_CHARACTER_SET_CLIENT=@@CHARACTER_SET_CLIENT */;
/*!40101 SET @OLD_CHARACTER_SET_RESULTS=@@CHARACTER_SET_RESULTS */;
/*!40101 SET @OLD_COLLATION_CONNECTION=@@COLLATION_CONNECTION */;
/*!40101 SET NAMES utf8mb4 */;

--
-- Database: `ecom`
--

-- --------------------------------------------------------

--
-- Table structure for table `carts`
--

CREATE TABLE IF NOT EXISTS `carts` (
  `id` int(11) NOT NULL,
  `user` int(11) NOT NULL,
  `product` int(11) NOT NULL,
  `quantity` int(11) NOT NULL,
  `price` decimal(18,2) NOT NULL,
  `in_cart_time` timestamp NOT NULL DEFAULT CURRENT_TIMESTAMP ON UPDATE CURRENT_TIMESTAMP
) ENGINE=InnoDB DEFAULT CHARSET=utf8;

-- --------------------------------------------------------

--
-- Table structure for table `categories`
--

CREATE TABLE IF NOT EXISTS `categories` (
  `category_id` int(11) NOT NULL,
  `name` varchar(100) NOT NULL,
  `details` text,
  `parent` int(11) DEFAULT NULL,
  `category_order` int(11) NOT NULL,
  `date_created` timestamp NOT NULL DEFAULT CURRENT_TIMESTAMP ON UPDATE CURRENT_TIMESTAMP,
  `user_created` int(11) NOT NULL,
  `date_accessed` timestamp NOT NULL DEFAULT '0000-00-00 00:00:00',
  `user_accessed` int(11) DEFAULT NULL,
  `deleted` tinyint(1) NOT NULL
) ENGINE=InnoDB AUTO_INCREMENT=17 DEFAULT CHARSET=utf8;

--
-- Dumping data for table `categories`
--

INSERT INTO `categories` (`category_id`, `name`, `details`, `parent`, `category_order`, `date_created`, `user_created`, `date_accessed`, `user_accessed`, `deleted`) VALUES
(1, 'Speakers', '', NULL, 1, '2012-11-24 13:55:28', 1, '2016-03-19 21:40:53', NULL, 0),
(2, 'Amplifiers', '', NULL, 2, '2014-09-25 15:23:35', 1, '2016-03-19 21:40:53', NULL, 0),
(3, 'CD-players', '', NULL, 3, '2013-07-19 11:36:44', 1, '2016-03-19 21:40:53', NULL, 0),
(4, 'Audio epilog', '', 1, 1, '2012-11-24 13:55:28', 1, '2016-03-19 21:40:53', NULL, 0),
(5, 'ATC', '', 1, 2, '2014-09-25 15:23:35', 1, '2016-03-19 21:40:53', NULL, 0),
(6, 'Dali', '', 1, 3, '2013-07-19 11:36:44', 1, '2016-03-19 21:40:53', NULL, 0),
(7, 'Rega', '', 1, 4, '2013-07-19 11:36:44', 1, '2016-03-19 21:40:53', NULL, 0),
(8, 'Cambridge', '', 2, 1, '2014-09-25 15:23:35', 1, '2016-03-19 21:40:53', NULL, 0),
(9, 'Onkyo', '', 2, 2, '2013-07-19 11:36:44', 1, '2016-03-19 21:40:53', NULL, 0),
(10, 'Rega', '', 2, 3, '2013-07-19 11:36:44', 1, '2016-03-19 21:40:53', NULL, 0),
(11, 'Audiolab', '', 3, 1, '2013-07-19 11:36:44', 1, '2016-03-19 21:40:53', NULL, 0),
(12, 'Cambridge', '', 3, 2, '2014-09-25 15:23:35', 1, '2016-03-19 21:40:53', NULL, 0),
(13, 'Onkyo', '', 3, 3, '2013-07-19 11:36:44', 1, '2016-03-19 21:40:53', NULL, 0),
(14, 'Rega', '', 3, 4, '2013-07-19 11:36:44', 1, '2016-03-19 21:40:53', NULL, 0),
(15, 'Pimienta', '', 4, 1, '2013-07-19 11:36:44', 1, '2016-03-19 21:40:53', NULL, 0),
(16, 'Others', '', 4, 2, '2013-07-19 11:36:44', 1, '2016-03-19 21:40:53', NULL, 0);

-- --------------------------------------------------------

--
-- Table structure for table `categories_products`
--

CREATE TABLE IF NOT EXISTS `categories_products` (
  `category_product_id` int(11) NOT NULL,
  `product` int(11) NOT NULL,
  `category` int(11) NOT NULL,
  `price` decimal(18,2) NOT NULL
) ENGINE=InnoDB AUTO_INCREMENT=138 DEFAULT CHARSET=utf8;

--
-- Dumping data for table `categories_products`
--

INSERT INTO `categories_products` (`category_product_id`, `product`, `category`, `price`) VALUES
(1, 1, 1, '500.00'),
(2, 2, 1, '800.00'),
(3, 3, 1, '860.00'),
(4, 4, 1, '2000.00'),
(5, 5, 1, '799.99'),
(6, 6, 1, '587.00'),
(7, 7, 1, '541.00'),
(8, 8, 1, '245.00'),
(9, 9, 1, '587.00'),
(10, 10, 1, '574.00'),
(11, 11, 1, '547.00'),
(12, 12, 1, '544.00'),
(13, 13, 1, '775.00'),
(14, 14, 1, '555.00'),
(15, 15, 1, '754.00'),
(16, 16, 1, '545.00'),
(17, 17, 1, '785.00'),
(18, 18, 1, '457.00'),
(19, 19, 1, '575.00'),
(20, 20, 1, '547.00'),
(21, 21, 1, '545.00'),
(22, 22, 1, '745.00'),
(23, 23, 1, '478.00'),
(24, 24, 2, '547.00'),
(25, 25, 2, '471.00'),
(26, 26, 2, '417.00'),
(27, 27, 2, '471.00'),
(28, 28, 2, '741.00'),
(29, 29, 2, '857.00'),
(30, 30, 2, '457.00'),
(31, 31, 2, '784.00'),
(32, 32, 2, '784.00'),
(33, 33, 2, '748.00'),
(34, 34, 2, '444.00'),
(35, 35, 2, '578.00'),
(36, 36, 2, '254.00'),
(37, 37, 2, '478.00'),
(38, 38, 2, '458.00'),
(39, 39, 2, '845.00'),
(40, 40, 2, '458.00'),
(41, 41, 2, '478.00'),
(42, 42, 2, '478.00'),
(43, 43, 2, '547.00'),
(44, 44, 3, '478.00'),
(45, 45, 3, '478.00'),
(46, 46, 3, '247.00'),
(47, 47, 3, '478.00'),
(48, 48, 3, '578.00'),
(49, 49, 3, '458.00'),
(50, 50, 3, '789.00'),
(51, 51, 3, '742.00'),
(52, 52, 3, '748.00'),
(53, 53, 3, '478.00'),
(54, 54, 3, '415.00'),
(55, 55, 3, '748.00'),
(56, 56, 3, '484.00'),
(57, 57, 3, '478.00'),
(58, 58, 3, '458.00'),
(59, 59, 3, '478.00'),
(60, 60, 3, '485.00'),
(61, 61, 3, '418.00'),
(62, 62, 3, '477.00'),
(63, 63, 3, '487.00'),
(64, 64, 3, '478.00'),
(65, 65, 3, '458.00'),
(66, 66, 3, '158.00'),
(67, 1, 4, '500.00'),
(68, 2, 4, '800.00'),
(69, 3, 4, '860.00'),
(70, 4, 4, '2000.00'),
(71, 5, 4, '799.99'),
(72, 6, 6, '587.00'),
(73, 7, 6, '541.00'),
(74, 8, 6, '245.00'),
(75, 9, 6, '587.00'),
(76, 10, 6, '574.00'),
(77, 11, 6, '547.00'),
(78, 12, 6, '544.00'),
(79, 13, 5, '775.00'),
(80, 14, 5, '555.00'),
(81, 15, 5, '754.00'),
(82, 16, 5, '545.00'),
(83, 17, 5, '785.00'),
(84, 18, 5, '457.00'),
(85, 19, 5, '575.00'),
(86, 20, 7, '547.00'),
(87, 21, 7, '545.00'),
(88, 22, 7, '745.00'),
(89, 23, 7, '478.00'),
(90, 24, 10, '547.00'),
(91, 25, 10, '471.00'),
(92, 26, 10, '417.00'),
(93, 27, 10, '471.00'),
(94, 28, 10, '741.00'),
(95, 29, 9, '857.00'),
(96, 30, 9, '457.00'),
(97, 31, 9, '784.00'),
(98, 32, 9, '784.00'),
(99, 33, 9, '748.00'),
(100, 34, 9, '444.00'),
(101, 35, 9, '578.00'),
(102, 36, 9, '254.00'),
(103, 37, 8, '478.00'),
(104, 38, 8, '458.00'),
(105, 39, 8, '845.00'),
(106, 40, 8, '458.00'),
(107, 41, 8, '478.00'),
(108, 42, 8, '478.00'),
(109, 43, 8, '547.00'),
(110, 44, 14, '478.00'),
(111, 45, 14, '478.00'),
(112, 46, 14, '247.00'),
(113, 47, 14, '478.00'),
(114, 48, 14, '578.00'),
(115, 49, 12, '458.00'),
(116, 50, 12, '789.00'),
(117, 51, 12, '742.00'),
(118, 52, 12, '748.00'),
(119, 53, 12, '478.00'),
(120, 54, 11, '415.00'),
(121, 55, 11, '748.00'),
(122, 56, 11, '484.00'),
(123, 57, 11, '478.00'),
(124, 58, 11, '458.00'),
(125, 59, 11, '478.00'),
(126, 60, 11, '485.00'),
(127, 61, 13, '418.00'),
(128, 62, 13, '477.00'),
(129, 63, 13, '487.00'),
(130, 64, 13, '478.00'),
(131, 65, 13, '458.00'),
(132, 66, 13, '158.00'),
(133, 2, 15, '800.00'),
(134, 3, 15, '860.00'),
(135, 1, 16, '500.00'),
(136, 4, 16, '2000.00'),
(137, 5, 16, '799.99');

-- --------------------------------------------------------

--
-- Table structure for table `images`
--

CREATE TABLE IF NOT EXISTS `images` (
  `image_id` int(11) NOT NULL,
  `product` int(11) NOT NULL,
  `path` text NOT NULL,
  `featured` tinyint(1) NOT NULL
) ENGINE=InnoDB AUTO_INCREMENT=68 DEFAULT CHARSET=utf8;

--
-- Dumping data for table `images`
--

INSERT INTO `images` (`image_id`, `product`, `path`, `featured`) VALUES
(1, 1, 'img/products/SP-AU-0001.jpg', 0),
(2, 1, 'img/products/SP-AU-0001-02.jpg', 1),
(3, 2, 'img/products/SP-AU-0002.jpg', 1),
(4, 3, 'img/products/SP-AU-0003.jpg', 1),
(5, 4, 'img/products/SP-AU-0004.jpg', 1),
(6, 5, 'img/products/SP-AU-0005.jpg', 1),
(7, 6, 'img/products/SP-AT-0006.jpg', 1),
(8, 7, 'img/products/SP-AT-0007.jpg', 1),
(9, 8, 'img/products/SP-AT-0008.jpg', 1),
(10, 9, 'img/products/SP-AT-0009.jpg', 1),
(11, 10, 'img/products/SP-AT-0010.jpg', 1),
(12, 11, 'img/products/SP-AT-0011.jpg', 1),
(13, 12, 'img/products/SP-AT-0012.jpg', 1),
(14, 13, 'img/products/SP-DA-0013.jpg', 1),
(15, 14, 'img/products/SP-DA-0014.jpg', 1),
(16, 15, 'img/products/SP-DA-0015.jpg', 1),
(17, 16, 'img/products/SP-DA-0016.jpg', 1),
(18, 17, 'img/products/SP-DA-0017.jpg', 1),
(19, 18, 'img/products/SP-DA-0018.jpg', 1),
(20, 19, 'img/products/SP-DA-0019.jpg', 1),
(21, 20, 'img/products/SP-RE-0020.jpg', 1),
(22, 21, 'img/products/SP-RE-0021.jpg', 1),
(23, 22, 'img/products/SP-RE-0022.jpg', 1),
(24, 23, 'img/products/SP-RE-0023.jpg', 1),
(25, 24, 'img/products/AM-RE-0024.jpg', 1),
(26, 25, 'img/products/AM-RE-0025.jpg', 1),
(27, 26, 'img/products/AM-RE-0026.jpg', 1),
(28, 27, 'img/products/AM-RE-0027.jpg', 1),
(29, 28, 'img/products/AM-RE-0028.jpg', 1),
(30, 29, 'img/products/AM-ON-0029.jpg', 1),
(31, 30, 'img/products/AM-ON-0030.jpg', 1),
(32, 31, 'img/products/AM-ON-0031.jpg', 1),
(33, 32, 'img/products/AM-ON-0032.jpg', 1),
(34, 33, 'img/products/AM-ON-0033.jpg', 1),
(35, 34, 'img/products/AM-ON-0034.jpg', 1),
(36, 35, 'img/products/AM-ON-0035.jpg', 1),
(37, 36, 'img/products/AM-ON-0036.jpg', 1),
(38, 37, 'img/products/AM-CA-0037.jpg', 1),
(39, 38, 'img/products/AM-CA-0038.jpg', 1),
(40, 39, 'img/products/AM-CA-0039.jpg', 1),
(41, 40, 'img/products/AM-CA-0040.jpg', 1),
(42, 41, 'img/products/AM-CA-0041.jpg', 1),
(43, 42, 'img/products/AM-CA-0042.jpg', 1),
(44, 43, 'img/products/AM-CA-0043.jpg', 1),
(45, 44, 'img/products/CD-RE-0044.jpg', 1),
(46, 45, 'img/products/CD-RE-0045.jpg', 1),
(47, 46, 'img/products/CD-RE-0046.jpg', 1),
(48, 47, 'img/products/CD-RE-0047.jpg', 1),
(49, 48, 'img/products/CD-RE-0048.jpg', 1),
(50, 49, 'img/products/CD-CA-0049.jpg', 1),
(51, 50, 'img/products/CD-CA-0050.jpg', 1),
(52, 51, 'img/products/CD-CA-0051.jpg', 1),
(53, 52, 'img/products/CD-CA-0052.jpg', 1),
(54, 53, 'img/products/CD-CA-0053.jpg', 1),
(55, 54, 'img/products/CD-AU-0054.jpg', 1),
(56, 55, 'img/products/CD-AU-0055.jpg', 1),
(57, 56, 'img/products/CD-AU-0056.jpg', 1),
(58, 57, 'img/products/CD-AU-0057.jpg', 1),
(59, 58, 'img/products/CD-AU-0058.jpg', 1),
(60, 59, 'img/products/CD-AU-0059.jpg', 1),
(61, 60, 'img/products/CD-AU-0060.jpg', 1),
(62, 61, 'img/products/CD-ON-0061.jpg', 1),
(63, 62, 'img/products/CD-ON-0062.jpg', 1),
(64, 63, 'img/products/CD-ON-0063.jpg', 1),
(65, 64, 'img/products/CD-ON-0064.jpg', 1),
(66, 65, 'img/products/CD-ON-0065.jpg', 1),
(67, 66, 'img/products/CD-ON-0066.jpg', 1);

-- --------------------------------------------------------

--
-- Table structure for table `invoices`
--

CREATE TABLE IF NOT EXISTS `invoices` (
  `invoices_id` int(11) NOT NULL,
  `user` int(11) NOT NULL,
  `date` timestamp NOT NULL DEFAULT CURRENT_TIMESTAMP ON UPDATE CURRENT_TIMESTAMP,
  `payment` int(11) NOT NULL,
  `shipping_address` varchar(100) DEFAULT NULL,
  `shipping_postoffice` varchar(100) DEFAULT NULL,
  `shipping_city` varchar(100) DEFAULT NULL,
  `shipping_state` varchar(100) DEFAULT NULL,
  `shipping_country` varchar(100) DEFAULT NULL,
  `billing_address` varchar(100) DEFAULT NULL,
  `billing_postoffice` varchar(100) DEFAULT NULL,
  `billing_city` varchar(100) DEFAULT NULL,
  `billing_state` varchar(100) DEFAULT NULL,
  `billing_country` varchar(100) DEFAULT NULL
) ENGINE=InnoDB DEFAULT CHARSET=utf8;

-- --------------------------------------------------------

--
-- Table structure for table `invoices_items`
--

CREATE TABLE IF NOT EXISTS `invoices_items` (
  `invoice` int(11) NOT NULL,
  `user` int(11) NOT NULL,
  `product` int(11) NOT NULL,
  `quantity` int(11) NOT NULL,
  `price` decimal(18,2) NOT NULL
) ENGINE=InnoDB DEFAULT CHARSET=utf8;

-- --------------------------------------------------------

--
-- Table structure for table `payments`
--

CREATE TABLE IF NOT EXISTS `payments` (
  `payment_id` int(11) NOT NULL,
  `name` varchar(50) NOT NULL
) ENGINE=InnoDB AUTO_INCREMENT=3 DEFAULT CHARSET=utf8;

--
-- Dumping data for table `payments`
--

INSERT INTO `payments` (`payment_id`, `name`) VALUES
(1, 'PayPal'),
(2, 'Credit Cart');

-- --------------------------------------------------------

--
-- Table structure for table `products`
--

CREATE TABLE IF NOT EXISTS `products` (
  `product_id` int(11) NOT NULL,
  `model` varchar(50) NOT NULL,
  `quantity_in_stock` int(11) NOT NULL,
  `price` decimal(18,2) NOT NULL,
  `sku` varchar(50) DEFAULT NULL,
  `unit` int(11) NOT NULL,
  `details` text,
  `more_information` text,
  `date_created` datetime NOT NULL,
  `user_created` int(11) NOT NULL,
  `date_accessed` datetime DEFAULT NULL,
  `user_accessed` int(11) DEFAULT NULL,
  `deleted` tinyint(1) NOT NULL
) ENGINE=InnoDB AUTO_INCREMENT=67 DEFAULT CHARSET=utf8;

--
-- Dumping data for table `products`
--

INSERT INTO `products` (`product_id`, `model`, `quantity_in_stock`, `price`, `sku`, `unit`, `details`, `more_information`, `date_created`, `user_created`, `date_accessed`, `user_accessed`, `deleted`) VALUES
(1, 'Jana', 23, '500.00', 'SP-AU-0001', 2, 'Fusce pellentesque erat vel libero pulvinar volutpat. Mauris rutrum iaculis elementum. Quisque ut nisl tempus, pulvinar libero bibendum, lobortis risus. Nam in odio vestibulum, euismod leo a, tincidunt libero. Quisque non maximus tortor. Phasellus semper ex non commodo ultricies. Cras non purus nec diam semper rutrum ac sed ipsum. Praesent a diam et nulla euismod finibus. In consectetur libero sed ante bibendum egestas. Mauris pellentesque magna augue, vitae porta neque pretium quis. In libero nulla, accumsan et eros non, convallis bibendum lectus. Nulla viverra, tellus vel aliquet egestas, lectus ex porttitor massa, ut commodo risus ligula vitae ipsum. Suspendisse potenti. ', 'Suspendisse tincidunt in risus sit amet dictum. Nunc lorem nunc, mattis quis eleifend in, aliquam et augue. Cras quis est elit. Sed sit amet turpis fringilla, lacinia ipsum id, accumsan nunc. Donec ultrices sollicitudin rutrum. Cras convallis interdum mauris, quis suscipit mi volutpat et. Suspendisse nec sagittis lectus. Nulla luctus ante vel nibh feugiat posuere. Ut tempor risus sed leo consectetur, in eleifend purus malesuada. Nunc vulputate orci eget tellus dapibus condimentum ut accumsan mauris. ', '2006-04-10 11:29:12', 1, NULL, NULL, 0),
(2, 'Pimienta', 25, '800.00', 'SP-AU-0002', 2, 'Vestibulum at lacinia lacus. Nullam augue nulla, molestie non ipsum vitae, eleifend interdum est. Morbi laoreet tortor ut aliquet porttitor. Nullam tincidunt pellentesque convallis. Phasellus sem mi, vestibulum auctor metus ut, blandit aliquam ex. Nullam sed ipsum sit amet lacus placerat condimentum eu non purus. Curabitur a aliquam lacus. Aenean vitae convallis lacus, at tempus dolor. ', 'Pellentesque quis ligula id diam malesuada dictum. Duis ultricies, metus mollis tincidunt suscipit, neque erat scelerisque ante, sed fermentum lorem quam in massa. Cras et blandit ipsum. Nunc ac libero luctus, faucibus tellus non, iaculis arcu. In et dignissim est, ac elementum elit. Aenean luctus ut augue quis gravida. Integer vehicula tortor et erat finibus dictum. Praesent pharetra facilisis libero, vitae sollicitudin purus iaculis a. Nunc vel facilisis libero, id pharetra velit. Fusce in pharetra diam. Maecenas eget ex gravida, viverra orci ac, fringilla magna. Vestibulum in dolor diam. In mi nisl, placerat vitae faucibus non, sodales non sem. Donec malesuada, tellus accumsan faucibus semper, ante erat luctus quam, eu vestibulum eros sem dignissim dui. Morbi congue purus sollicitudin, condimentum lacus in, imperdiet dolor. Quisque at enim eget massa aliquet condimentum. ', '2010-02-15 13:29:51', 1, NULL, NULL, 0),
(3, 'Pimienta 2', 26, '860.00', 'SP-AU-0003', 2, 'Vivamus justo purus, condimentum non est varius, gravida luctus orci. Vestibulum neque magna, porta in nunc et, dignissim tincidunt nibh. Sed mi ex, viverra et nibh a, molestie maximus dui. Praesent risus lectus, fermentum non ultricies in, sagittis vel augue. Duis dapibus vel odio a pharetra. Lorem ipsum dolor sit amet, consectetur adipiscing elit. Nulla eget vulputate tellus. Quisque non varius dolor, eu fringilla tellus. Nam mi arcu, dignissim ac pharetra et, varius at neque. Praesent justo quam, lobortis ut congue vitae, scelerisque eu augue. Nunc imperdiet elementum dolor eu ultricies. Fusce maximus quam eu aliquet pretium. Duis in felis nibh. Duis fermentum posuere sollicitudin. Etiam varius viverra risus vitae gravida. ', 'Sed dignissim sem eget pharetra pulvinar. Vivamus nec est ac leo elementum elementum. In hac habitasse platea dictumst. Nunc faucibus massa id sapien pellentesque tempus. Nunc risus risus, faucibus eget vehicula et, rhoncus id eros. In hac habitasse platea dictumst. Donec sagittis nibh orci. Morbi lobortis enim vel velit mollis scelerisque. Pellentesque mattis mollis augue eu pharetra. Donec metus nisl, pellentesque id diam ac, finibus suscipit enim. ', '2007-10-16 22:50:10', 1, NULL, NULL, 0),
(4, 'Prime', 21, '2000.00', 'SP-AU-0004', 2, 'Suspendisse ut purus dui. Nulla vel ultrices diam. Praesent pellentesque erat ut ligula pulvinar, in iaculis ipsum molestie. Nulla tincidunt porttitor pretium. Aliquam eu metus pulvinar, ultricies orci nec, sagittis augue. Integer posuere nec ex aliquam ullamcorper. Suspendisse tempor felis ex, eu efficitur nisi dignissim sed. Duis faucibus lectus eget elit consectetur, a vulputate urna consectetur. Nunc pellentesque lacus in augue mattis euismod. Donec et ligula id sem hendrerit sodales vel interdum lorem. Quisque in mattis eros, sit amet scelerisque mi. Morbi euismod felis ipsum, quis auctor dui semper vitae. Phasellus id orci felis. Aliquam vel fringilla mauris. Praesent non lectus a ex vestibulum vulputate sed vitae quam. ', 'Cras ullamcorper ipsum lectus, quis bibendum nunc iaculis interdum. Nulla sed mi vestibulum, sagittis felis a, euismod mauris. Nunc ac ultricies elit. Cras varius risus nec risus blandit pellentesque. Quisque bibendum elementum sapien ac mollis. Praesent id dui blandit, cursus nunc nec, tincidunt orci. Morbi tempus varius finibus. Suspendisse sit amet hendrerit ligula. Curabitur vel placerat urna. Mauris auctor, massa quis mollis iaculis, turpis velit rutrum metus, eget vestibulum tortor purus euismod massa. Proin dictum laoreet risus quis elementum. Nulla fermentum erat nec tellus scelerisque, sit amet tincidunt lacus gravida. Integer id dignissim lacus. ', '2001-02-17 05:47:50', 1, NULL, NULL, 0),
(5, 'Ice', 24, '799.99', 'SP-AU-0005', 2, 'Ut eros massa, rutrum in vulputate eu, consectetur ut elit. Nulla velit dui, aliquet id vulputate ac, auctor sit amet felis. Nam rhoncus elit non sem condimentum, venenatis ullamcorper mi elementum. Sed ut urna nunc. Aliquam in tincidunt nunc. Mauris lacinia enim est, quis imperdiet libero hendrerit sit amet. Nulla sagittis dolor justo, ac molestie odio semper semper. Mauris imperdiet quis arcu non dapibus. Suspendisse varius, mi ac tincidunt vehicula, nunc mi scelerisque mi, vitae bibendum justo sapien a neque. Donec eu velit ullamcorper ipsum hendrerit laoreet quis in arcu. Donec fringilla tellus sed volutpat mollis. ', 'Ut eget nulla vel tortor mollis sagittis id in lorem. Quisque at felis nisi. Aenean gravida augue vitae massa vulputate aliquet. Fusce molestie vehicula dui, vel elementum augue blandit a. Fusce et felis eu massa eleifend malesuada eu ut neque. Curabitur id ex at justo commodo vehicula. Suspendisse potenti. Pellentesque at quam sed ipsum egestas ornare. Vivamus molestie tincidunt nulla, nec varius mauris vehicula eu. Maecenas dignissim, turpis at sagittis interdum, augue arcu auctor eros, non eleifend mi nisi et sapien. Maecenas dolor nisl, ultrices vitae mattis at, consequat tristique quam. Suspendisse potenti. Integer fermentum enim vel metus sagittis sollicitudin. Vestibulum ante ipsum primis in faucibus orci luctus et ultrices posuere cubilia Curae; Aenean metus mi, elementum a mi eget, faucibus tincidunt elit. Vestibulum vestibulum pretium laoreet. ', '2002-12-25 23:32:06', 1, NULL, NULL, 0),
(6, 'Epicon 8', 26, '587.00', 'SP-AT-0006', 2, 'Phasellus et leo in mi vehicula fringilla vel et nunc. Duis tincidunt ex et neque malesuada, eget lobortis nulla dapibus. Praesent dapibus aliquam commodo. Lorem ipsum dolor sit amet, consectetur adipiscing elit. Pellentesque finibus mauris vitae velit congue, non laoreet ligula vehicula. Vivamus gravida eros ut porta imperdiet. Proin vulputate et ligula ut dignissim. ', 'Vivamus egestas, lacus eu aliquam blandit, mi orci laoreet libero, at ultrices leo lacus in nisl. Pellentesque habitant morbi tristique senectus et netus et malesuada fames ac turpis egestas. Sed scelerisque urna eu sodales maximus. Aenean non tristique ipsum. Donec ut consectetur risus. Suspendisse luctus lectus nec felis venenatis, in lacinia neque vestibulum. Ut gravida accumsan nisl, quis tempus mauris venenatis id. Aliquam erat volutpat. Sed lacinia diam vitae ipsum semper laoreet. Sed euismod ante sit amet augue tempor, eu euismod elit tristique. Ut vitae felis vitae diam convallis vulputate. Sed euismod vulputate lorem et ullamcorper. Aenean interdum sapien et nunc pulvinar rhoncus. Maecenas augue mauris, volutpat eget sem vitae, ornare gravida ipsum. Proin porta, magna ac pulvinar bibendum, mauris lacus condimentum ligula, congue aliquet elit tortor at ante. ', '2000-09-07 16:34:05', 1, NULL, NULL, 0),
(7, 'Epicon 6', 24, '541.00', 'SP-AT-0007', 2, 'Suspendisse vitae bibendum mi. Ut lobortis ultrices massa, fringilla fermentum lorem ultrices vel. Phasellus cursus lectus non tellus bibendum faucibus. Cras eu felis vitae est finibus consectetur. Aenean mollis tempor mi. Sed consectetur accumsan neque, vel tempus nisl hendrerit sed. Integer non sem nulla. Praesent dapibus sem tristique, pulvinar enim ut, tincidunt nisi. ', 'Suspendisse potenti. Sed fringilla est tristique, iaculis mauris in, molestie neque. Fusce laoreet elementum urna, ut volutpat odio posuere eu. Duis quam arcu, dignissim ut sodales et, tristique ut leo. In turpis dolor, tempus et urna at, mattis tempus libero. Sed aliquam, dui eu eleifend elementum, sem diam dictum libero, nec fermentum nunc metus quis leo. Vestibulum vehicula neque et placerat pharetra. In ante eros, placerat nec elit sit amet, cursus scelerisque magna. Sed sit amet congue sem. Sed erat justo, euismod vitae sodales venenatis, malesuada sit amet tortor. Cum sociis natoque penatibus et magnis dis parturient montes, nascetur ridiculus mus. Cras placerat porta purus. Nunc elementum ante quis risus cursus, lobortis molestie elit eleifend. Suspendisse potenti. ', '2002-04-04 08:46:01', 1, NULL, NULL, 0),
(8, 'Rubicon 8', 23, '245.00', 'SP-AT-0008', 2, 'Donec eget efficitur dolor, vel bibendum erat. Pellentesque vitae neque ex. Suspendisse dignissim lacus luctus feugiat pulvinar. Vestibulum in libero non leo aliquet porta in vel risus. Sed a enim nisi. Praesent est lacus, sollicitudin eu blandit non, ornare vitae risus. Nunc dictum pellentesque iaculis. In commodo dapibus libero ut semper. Class aptent taciti sociosqu ad litora torquent per conubia nostra, per inceptos himenaeos. Nam urna metus, volutpat eget elit non, consectetur cursus metus. Phasellus nec est at nisi aliquet imperdiet. Integer efficitur elit sit amet lorem rutrum, at auctor nunc facilisis. ', 'Sed sapien est, cursus quis erat ut, molestie ultrices turpis. Aenean pulvinar vestibulum mi, sit amet ullamcorper nunc dictum vel. Sed et mollis ante. Mauris nunc neque, aliquet quis rutrum at, sodales non risus. Vivamus porta leo at magna auctor, non rutrum augue aliquam. Nam a mauris quis nibh posuere pulvinar nec eget sapien. Nam dapibus mattis orci, vitae auctor sapien lacinia et. Lorem ipsum dolor sit amet, consectetur adipiscing elit. Donec porta tincidunt leo. Sed vitae massa aliquam, condimentum tortor pharetra, facilisis ante. Vestibulum sodales odio libero, eu tincidunt purus dignissim sit amet. Suspendisse ullamcorper mi a dolor tempor, et tincidunt odio aliquam. Curabitur porta ultricies varius. ', '2015-05-03 12:46:25', 1, NULL, NULL, 0),
(9, 'Rubicon 6', 27, '587.00', 'SP-AT-0009', 2, 'Proin tincidunt vitae justo sed ullamcorper. Cum sociis natoque penatibus et magnis dis parturient montes, nascetur ridiculus mus. Aenean vel ullamcorper lacus, sit amet semper sem. Praesent gravida mauris sit amet magna accumsan consequat. Proin eget malesuada ex. Nullam sed laoreet leo. Suspendisse vel mauris tellus. Curabitur sit amet finibus purus. In vitae lorem et nulla lacinia aliquet a et nunc. Mauris scelerisque augue ac urna fringilla congue. Aenean erat ex, iaculis vel tellus nec, interdum viverra velit. Morbi eget velit id ipsum malesuada ullamcorper. Fusce nec blandit eros. Nulla accumsan dolor in libero ultricies feugiat. ', 'Vivamus et congue nisl, id posuere nulla. Praesent congue nulla ac mollis posuere. Nam ac turpis vitae ante luctus luctus nec at augue. Aenean blandit eros nec lorem pretium, a sagittis est vehicula. Sed mi eros, efficitur eu sollicitudin sit amet, faucibus vel eros. Mauris at feugiat ante. Nullam rutrum urna sit amet interdum tempor. Ut mattis suscipit congue. Phasellus gravida imperdiet lorem, nec imperdiet est pellentesque sit amet. Morbi eget nulla dolor. Curabitur non efficitur risus. Aliquam felis urna, ultricies nec urna at, egestas eleifend nunc. Maecenas convallis dolor vel rutrum convallis. Nullam feugiat ipsum ut mi varius egestas. Vestibulum nec enim vitae neque maximus condimentum non ac risus. Pellentesque habitant morbi tristique senectus et netus et malesuada fames ac turpis egestas. ', '2009-10-22 10:09:27', 1, NULL, NULL, 0),
(10, 'Opticon 5', 24, '574.00', 'SP-AT-0010', 2, 'Lorem ipsum dolor sit amet, consectetur adipiscing elit. Aliquam cursus interdum velit, vitae consequat justo facilisis in. Praesent rhoncus, nisl ac dictum consequat, ex enim consequat nisi, ut commodo velit dolor vel ante. Quisque tortor ipsum, tempus et justo sit amet, laoreet interdum metus. Etiam malesuada, mi nec vehicula vehicula, nulla lectus porttitor magna, sit amet elementum leo nunc eget nulla. Sed sollicitudin justo ut risus laoreet viverra. In malesuada, libero eu faucibus convallis, eros sapien commodo nisi, eget faucibus velit turpis in justo. Nulla ultrices sit amet massa vel varius. Pellentesque nibh metus, mattis in nibh in, convallis tristique eros. Maecenas eleifend rutrum mauris vel elementum. ', 'Ut ut facilisis turpis. Praesent dignissim, ligula at rhoncus laoreet, leo arcu convallis nisl, vitae feugiat sapien lacus et dui. Etiam ultricies venenatis quam. Proin condimentum lorem vitae neque laoreet, a ornare neque suscipit. Vestibulum in augue sollicitudin, consectetur lectus vel, pulvinar libero. Quisque faucibus condimentum eros, at egestas magna molestie vitae. Sed non tempor arcu. Pellentesque ut tellus ac neque congue consequat eget consectetur ipsum. Fusce at dolor suscipit, rutrum lectus nec, finibus purus. Mauris ut dignissim nisi. Curabitur maximus, nulla vel tincidunt malesuada, enim turpis consequat enim, vel egestas risus odio in tortor. Etiam aliquam euismod felis ac consectetur. ', '2011-09-10 16:46:06', 1, NULL, NULL, 0),
(11, 'Helicon Stand MKL', 24, '547.00', 'SP-AT-0011', 2, 'Nam eleifend id justo vitae condimentum. Curabitur ante massa, porta quis rhoncus quis, rhoncus nec mauris. In ultrices fermentum viverra. Mauris vestibulum, tellus vel pulvinar aliquet, lorem metus eleifend metus, eu ultrices dolor ipsum ut nisl. Cras vel libero mi. Vestibulum ultrices eleifend dui, sit amet porta quam consequat at. Ut eget sapien quis velit consequat luctus. Integer euismod eros tristique, vulputate arcu a, ullamcorper justo. Praesent tincidunt malesuada quam. Fusce elementum lectus nulla, vitae auctor magna consequat ut. Nunc commodo sapien eget neque interdum, in faucibus orci pharetra. Quisque vel quam posuere, viverra ipsum et, pulvinar augue. Morbi vel sagittis nisi. Cras consequat hendrerit risus cursus fermentum. Vivamus ultricies tellus ac nisi imperdiet fermentum. ', 'Sed dignissim sem eget pharetra pulvinar. Vivamus nec est ac leo elementum elementum. In hac habitasse platea dictumst. Nunc faucibus massa id sapien pellentesque tempus. Nunc risus risus, faucibus eget vehicula et, rhoncus id eros. In hac habitasse platea dictumst. Donec sagittis nibh orci. Morbi lobortis enim vel velit mollis scelerisque. Pellentesque mattis mollis augue eu pharetra. Donec metus nisl, pellentesque id diam ac, finibus suscipit enim. ', '0000-00-00 00:00:00', 1, NULL, NULL, 0),
(12, 'Helicon 800 MK2', 43, '544.00', 'SP-AT-0012', 2, 'Nulla cursus lorem purus, sit amet tristique est euismod non. Nunc eget libero tincidunt, pulvinar neque at, hendrerit sapien. Praesent eu eros a ligula tempus faucibus. Fusce rhoncus in velit sed pharetra. Praesent pulvinar auctor nunc, in elementum lectus bibendum in. Duis congue nisl ac enim tincidunt tincidunt. Proin metus nisi, sodales sit amet metus eget, faucibus varius est. Phasellus quis felis ligula. Aenean sollicitudin velit pretium massa eleifend, eleifend imperdiet tellus accumsan. Nullam at mattis risus. Nunc aliquet elementum sagittis. Maecenas mi arcu, vehicula ac leo in, maximus dignissim lorem. Sed eleifend eu sem ac mattis. ', 'Nam eleifend id justo vitae condimentum. Curabitur ante massa, porta quis rhoncus quis, rhoncus nec mauris. In ultrices fermentum viverra. Mauris vestibulum, tellus vel pulvinar aliquet, lorem metus eleifend metus, eu ultrices dolor ipsum ut nisl. Cras vel libero mi. Vestibulum ultrices eleifend dui, sit amet porta quam consequat at. Ut eget sapien quis velit consequat luctus. Integer euismod eros tristique, vulputate arcu a, ullamcorper justo. Praesent tincidunt malesuada quam. Fusce elementum lectus nulla, vitae auctor magna consequat ut. Nunc commodo sapien eget neque interdum, in faucibus orci pharetra. Quisque vel quam posuere, viverra ipsum et, pulvinar augue. Morbi vel sagittis nisi. Cras consequat hendrerit risus cursus fermentum. Vivamus ultricies tellus ac nisi imperdiet fermentum. ', '2011-02-19 18:29:55', 1, NULL, NULL, 0),
(13, 'SCM7', 33, '775.00', 'SP-DA-0013', 2, 'Nullam venenatis nibh sit amet rutrum posuere. Nunc cursus ultricies mi, et tristique elit rutrum eget. Donec quis justo ac augue tempus fermentum sed et dolor. Nunc tristique turpis a eros cursus tincidunt. Morbi pellentesque orci eu ante lacinia, at malesuada nisi semper. Nulla tempus felis orci, non feugiat mauris pellentesque eu. Etiam mattis est ac lectus tempus, eget eleifend erat congue. Donec facilisis dolor in elementum tincidunt. Donec sit amet diam quis nunc malesuada faucibus. Nullam non lorem purus. Phasellus malesuada, risus et tristique tristique, purus nisl posuere ligula, vitae ornare orci ante eu nisl. Etiam sodales ipsum elit, in volutpat dolor facilisis quis. ', 'Donec vel vehicula nunc. Curabitur auctor felis a cursus dignissim. Integer fringilla vestibulum ipsum. Vestibulum bibendum dui quis elit ornare, id maximus neque porta. Aliquam vel consectetur enim. Nullam mattis, dui at iaculis luctus, nisl leo efficitur eros, at ultricies augue dui ut diam. Nulla tincidunt tellus sed iaculis vehicula. Maecenas mauris mauris, efficitur at lorem sodales, ullamcorper malesuada ex. Pellentesque et neque gravida, gravida odio nec, eleifend dolor. Nulla tincidunt vel metus ac aliquet. Pellentesque habitant morbi tristique senectus et netus et malesuada fames ac turpis egestas. Ut scelerisque arcu sed nibh interdum, vel tempus elit semper. Donec mattis et eros eget imperdiet. Proin condimentum eros in mauris tincidunt imperdiet. Mauris nisl est, cursus eget euismod sit amet, rutrum eu nisi. Sed luctus elementum semper. ', '2014-11-09 05:34:31', 1, NULL, NULL, 0),
(14, 'SCM11', 34, '555.00', 'SP-DA-0014', 2, 'Mauris tincidunt mauris dolor, quis consequat erat aliquam vitae. Cras quis elementum odio. Maecenas sit amet erat viverra nunc efficitur pharetra vitae in velit. Sed luctus feugiat ex, quis luctus odio hendrerit eu. Suspendisse potenti. Nullam sed fermentum ex. Praesent accumsan fringilla dapibus. Nunc eget dictum nunc. Praesent dapibus dictum libero, non congue ex placerat elementum. Aenean sed nulla eget mi bibendum eleifend vel id diam. Nam augue felis, hendrerit ac porttitor nec, viverra eget quam. In dictum augue felis. ', 'Phasellus et leo in mi vehicula fringilla vel et nunc. Duis tincidunt ex et neque malesuada, eget lobortis nulla dapibus. Praesent dapibus aliquam commodo. Lorem ipsum dolor sit amet, consectetur adipiscing elit. Pellentesque finibus mauris vitae velit congue, non laoreet ligula vehicula. Vivamus gravida eros ut porta imperdiet. Proin vulputate et ligula ut dignissim. ', '2013-05-05 18:20:08', 1, NULL, NULL, 0),
(15, 'SCM40', 54, '754.00', 'SP-DA-0015', 2, 'Fusce pellentesque erat vel libero pulvinar volutpat. Mauris rutrum iaculis elementum. Quisque ut nisl tempus, pulvinar libero bibendum, lobortis risus. Nam in odio vestibulum, euismod leo a, tincidunt libero. Quisque non maximus tortor. Phasellus semper ex non commodo ultricies. Cras non purus nec diam semper rutrum ac sed ipsum. Praesent a diam et nulla euismod finibus. In consectetur libero sed ante bibendum egestas. Mauris pellentesque magna augue, vitae porta neque pretium quis. In libero nulla, accumsan et eros non, convallis bibendum lectus. Nulla viverra, tellus vel aliquet egestas, lectus ex porttitor massa, ut commodo risus ligula vitae ipsum. Suspendisse potenti. ', 'Praesent tellus augue, sodales id ante nec, porta maximus felis. Vestibulum purus leo, egestas eget lacus quis, scelerisque accumsan nisi. Donec tristique at ex hendrerit sodales. Integer sed sodales diam, vel pretium elit. Nam ullamcorper urna vitae risus tincidunt, tristique blandit metus convallis. Nunc nec dictum purus. Suspendisse auctor rutrum augue, et imperdiet augue luctus sit amet. Aenean pellentesque odio arcu, et varius lacus maximus sed. ', '0000-00-00 00:00:00', 1, NULL, NULL, 0),
(16, 'SCM20ASLT', 54, '545.00', 'SP-DA-0016', 2, 'Vivamus porta dictum efficitur. Sed eget massa vitae ex facilisis dapibus. In dignissim quis tellus vel consectetur. Vivamus dapibus dapibus rhoncus. Nulla ut dignissim tortor. Phasellus ut aliquet metus, finibus laoreet enim. Nam nec fringilla libero. Vivamus non iaculis lorem, ut posuere lorem. Vestibulum ante ipsum primis in faucibus orci luctus et ultrices posuere cubilia Curae; Sed finibus urna nec quam tristique varius. ', 'Sed venenatis ante eu felis viverra ornare. Donec vitae augue molestie, laoreet metus in, scelerisque ligula. Sed finibus sollicitudin ornare. Sed pulvinar eros ante. Nulla ut felis ligula. Maecenas vel lectus sit amet purus bibendum maximus a pellentesque nisl. Nam mi magna, consectetur sit amet blandit eget, lacinia eget ligula. Donec posuere urna quam, in rhoncus arcu euismod ac. Maecenas mollis lectus erat, a tincidunt velit sodales non. Integer nec dui ipsum. Vivamus fringilla consequat auctor. ', '2008-08-15 04:12:33', 1, NULL, NULL, 0),
(17, 'SCM50ASLT', 77, '785.00', 'SP-DA-0017', 2, 'Mauris porttitor tellus quis ante volutpat, non tristique erat eleifend. Aenean vitae nisi a neque convallis lacinia ut a sem. Integer sed gravida tortor, dictum sodales nibh. Etiam porttitor sit amet ligula sit amet molestie. Nulla malesuada dolor sit amet pulvinar aliquam. Etiam et blandit libero. Nulla facilisi. Suspendisse blandit interdum mi, sit amet rutrum dui semper ac. In vel ex ultricies, sodales metus vitae, volutpat nisi. Maecenas et ipsum turpis. In non massa non dui luctus maximus sit amet vitae elit. Duis consectetur vehicula dapibus. Integer auctor sodales erat. Nunc tempor neque est, non convallis ex porttitor vel. Nulla non dignissim erat. ', 'Mauris tincidunt mauris dolor, quis consequat erat aliquam vitae. Cras quis elementum odio. Maecenas sit amet erat viverra nunc efficitur pharetra vitae in velit. Sed luctus feugiat ex, quis luctus odio hendrerit eu. Suspendisse potenti. Nullam sed fermentum ex. Praesent accumsan fringilla dapibus. Nunc eget dictum nunc. Praesent dapibus dictum libero, non congue ex placerat elementum. Aenean sed nulla eget mi bibendum eleifend vel id diam. Nam augue felis, hendrerit ac porttitor nec, viverra eget quam. In dictum augue felis. ', '2006-08-20 12:03:33', 1, NULL, NULL, 0),
(18, 'SCM50 Anniversary', 13, '457.00', 'SP-DA-0018', 2, 'Duis consectetur quis elit non dignissim. Donec in ipsum libero. In hac habitasse platea dictumst. Etiam imperdiet nibh eu quam blandit ultricies. Duis fringilla rhoncus ultrices. Aliquam euismod libero lobortis eros rutrum faucibus. In in quam a urna convallis mattis quis nec quam. Proin id felis ut lacus porttitor auctor. Morbi ullamcorper ligula orci, vel viverra diam porttitor non. Duis condimentum urna lorem, fringilla ultricies lorem lacinia vel. Cras sit amet mollis dui, nec consectetur metus. ', 'Duis ullamcorper hendrerit augue ut condimentum. Proin placerat, urna at efficitur ultrices, justo urna pellentesque nibh, eleifend dapibus metus nunc id arcu. Suspendisse potenti. Nunc massa ante, accumsan quis venenatis at, rhoncus sit amet mi. Cras ornare in ligula ut porta. Mauris laoreet nunc leo, eget vulputate ipsum lacinia id. Morbi convallis viverra lorem non aliquam. Sed non risus aliquam, convallis mi at, egestas lacus. Donec placerat lobortis lacinia. Fusce tempus efficitur auctor. ', '2011-11-26 03:31:27', 1, NULL, NULL, 0),
(19, 'ELI 50', 11, '575.00', 'SP-DA-0019', 2, 'Sed eget diam tempor, mattis nisi non, consequat diam. Aliquam massa mi, porttitor sed nisl quis, rhoncus ornare lorem. Fusce sagittis laoreet tellus in bibendum. Nam pharetra tempor urna nec placerat. Quisque sit amet placerat magna, vel mollis enim. Integer ullamcorper nulla augue, id maximus nunc imperdiet et. Nulla luctus nulla nulla, sit amet imperdiet nibh auctor quis. Phasellus facilisis dapibus dolor in sollicitudin. ', 'Nullam eu vehicula justo, sed placerat enim. Nunc dolor ante, pretium consequat feugiat sit amet, varius dapibus justo. Curabitur at nibh vitae odio tempus volutpat. Aenean sit amet leo ac est venenatis dapibus non ac nisi. Pellentesque ex nisl, gravida sed bibendum quis, fermentum eget neque. Vivamus sagittis tristique bibendum. Nulla ultrices quis tortor nec efficitur. Lorem ipsum dolor sit amet, consectetur adipiscing elit. Proin consequat libero nec congue pellentesque. Vivamus tincidunt fringilla ligula placerat dignissim. Fusce nibh dolor, feugiat posuere eros sed, gravida malesuada quam. Etiam nec mollis nulla. Ut auctor commodo ligula, sit amet pulvinar ligula posuere eu. Vestibulum in augue elementum, imperdiet lacus ut, interdum elit. Maecenas vestibulum leo molestie, mollis arcu sit amet, consectetur nulla. Suspendisse nec tempus risus, non fermentum diam. ', '2015-12-23 15:38:04', 1, NULL, NULL, 0),
(20, 'RX1', 34, '547.00', 'SP-RE-0020', 2, 'Morbi vitae finibus augue. Proin vitae mollis leo. Sed cursus finibus ligula. Aenean et elit in augue malesuada sodales sit amet eu arcu. Nullam nec lacus lobortis, dignissim odio ut, dapibus magna. Vivamus ultricies ipsum rutrum, convallis nunc non, porta quam. Ut euismod placerat velit, et pretium erat eleifend quis. Ut non pellentesque tellus. ', 'Donec semper in nisi a pellentesque. Sed mollis purus sed laoreet molestie. Pellentesque habitant morbi tristique senectus et netus et malesuada fames ac turpis egestas. Nam et orci at libero interdum pellentesque eu iaculis nibh. Nulla aliquam felis nec lectus sollicitudin tincidunt. Phasellus sit amet auctor dui, non efficitur lacus. Quisque sed velit ut diam venenatis ullamcorper eget vel arcu. Morbi eleifend vitae est a sagittis. Nullam ex nibh, fermentum eget augue sit amet, placerat bibendum nisl. Suspendisse ullamcorper arcu id est tristique, a laoreet tellus rhoncus. Morbi scelerisque urna quis mattis sollicitudin. Integer at quam maximus, sagittis dui et, porta diam. Sed a nunc ut tortor efficitur lacinia id a libero. ', '2012-03-27 02:10:35', 1, NULL, NULL, 0),
(21, 'RX3', 54, '545.00', 'SP-RE-0021', 2, 'Duis sed cursus diam. Donec justo mi, posuere sit amet purus quis, vestibulum consectetur sem. Praesent porttitor quis ante at elementum. Integer non nibh tellus. Sed consectetur dictum tellus, sed efficitur mi lacinia eu. Pellentesque laoreet sapien eget erat suscipit lacinia. Duis scelerisque turpis ut metus luctus venenatis. Etiam semper lorem ac nibh aliquam, ut vulputate sapien dignissim. Quisque in ex ac lacus auctor placerat. Fusce placerat finibus rhoncus. Nulla in tortor quam. Donec vel risus a metus viverra fermentum id ultricies risus. Suspendisse quis dolor consequat, cursus nulla ut, convallis dui. Suspendisse purus odio, laoreet vitae accumsan vel, consequat id risus. ', 'Donec imperdiet enim eget sem varius, sit amet sagittis ipsum commodo. Integer eu blandit velit, ut iaculis orci. Cras eu aliquet mi, dapibus commodo neque. Mauris posuere auctor quam, vitae cursus augue pellentesque ut. Donec augue dui, cursus bibendum rutrum at, malesuada eget est. Interdum et malesuada fames ac ante ipsum primis in faucibus. Ut enim neque, aliquam non convallis quis, luctus sit amet dolor. Sed orci est, laoreet non vestibulum aliquam, imperdiet et ipsum. Aenean vitae eros vel elit porttitor tristique. Donec vel tempor nulla, vel commodo arcu. Phasellus ullamcorper dolor in urna varius ornare. Aenean a nulla eu nibh convallis iaculis eget vitae risus. Vestibulum faucibus mi bibendum dignissim dignissim. ', '2005-02-06 14:50:47', 1, NULL, NULL, 0),
(22, 'RX5', 32, '745.00', 'SP-RE-0022', 2, 'Sed dignissim sem eget pharetra pulvinar. Vivamus nec est ac leo elementum elementum. In hac habitasse platea dictumst. Nunc faucibus massa id sapien pellentesque tempus. Nunc risus risus, faucibus eget vehicula et, rhoncus id eros. In hac habitasse platea dictumst. Donec sagittis nibh orci. Morbi lobortis enim vel velit mollis scelerisque. Pellentesque mattis mollis augue eu pharetra. Donec metus nisl, pellentesque id diam ac, finibus suscipit enim. ', 'Nam vitae metus sed nisl congue dictum. Curabitur nisl felis, porttitor eget nibh id, molestie consectetur sem. Nunc placerat ac est vel tincidunt. Vivamus mauris leo, rhoncus at ultrices ut, volutpat a mauris. In efficitur sed risus sed tincidunt. Morbi pharetra lacus tellus, eu scelerisque risus aliquam sit amet. Mauris consequat leo eget mi facilisis, sed porttitor massa pulvinar. Curabitur dapibus purus quis tempus bibendum. Integer laoreet elit eu dolor vehicula vestibulum. Interdum et malesuada fames ac ante ipsum primis in faucibus. Praesent in enim mauris. Suspendisse facilisis odio at ipsum accumsan, scelerisque elementum neque commodo. Phasellus ex nisi, sollicitudin eu urna eu, gravida finibus nulla. Nam porta rhoncus nulla nec suscipit. Pellentesque elementum nisi eget rutrum dapibus. In hac habitasse platea dictumst. ', '2009-07-24 03:34:16', 1, NULL, NULL, 0),
(23, 'RS10', 11, '478.00', 'SP-RE-0023', 2, 'Praesent at massa nisl. Interdum et malesuada fames ac ante ipsum primis in faucibus. Ut vitae congue est, vitae suscipit tortor. Mauris tempor leo ac urna vulputate, vitae pharetra nisl ornare. Cum sociis natoque penatibus et magnis dis parturient montes, nascetur ridiculus mus. Lorem ipsum dolor sit amet, consectetur adipiscing elit. Phasellus scelerisque vestibulum sem eu elementum. Sed commodo risus quis mi blandit ultricies. ', 'Vivamus et congue nisl, id posuere nulla. Praesent congue nulla ac mollis posuere. Nam ac turpis vitae ante luctus luctus nec at augue. Aenean blandit eros nec lorem pretium, a sagittis est vehicula. Sed mi eros, efficitur eu sollicitudin sit amet, faucibus vel eros. Mauris at feugiat ante. Nullam rutrum urna sit amet interdum tempor. Ut mattis suscipit congue. Phasellus gravida imperdiet lorem, nec imperdiet est pellentesque sit amet. Morbi eget nulla dolor. Curabitur non efficitur risus. Aliquam felis urna, ultricies nec urna at, egestas eleifend nunc. Maecenas convallis dolor vel rutrum convallis. Nullam feugiat ipsum ut mi varius egestas. Vestibulum nec enim vitae neque maximus condimentum non ac risus. Pellentesque habitant morbi tristique senectus et netus et malesuada fames ac turpis egestas. ', '2005-10-24 04:47:45', 1, NULL, NULL, 0),
(24, 'EAR', 32, '547.00', 'AM-RE-0024', 1, 'Donec sagittis felis risus, quis maximus lorem ultrices vitae. Quisque nunc leo, vulputate vel nisl a, viverra vehicula sem. Curabitur at urna erat. Aliquam eget ornare eros. Duis vel lorem tristique, varius neque sit amet, laoreet nisl. Phasellus id vehicula ipsum, eu fermentum quam. Quisque tristique, augue ut condimentum pellentesque, diam tellus euismod orci, ac pharetra augue massa eu nisi. Integer vel nisl id purus dignissim pulvinar nec ut est. ', 'Fusce iaculis a lectus non efficitur. Phasellus ornare facilisis augue, vel efficitur velit cursus eget. Aliquam egestas nulla eu dictum consectetur. Mauris tincidunt lacus nec arcu tincidunt finibus. Maecenas in lorem eu dolor commodo rutrum. Nulla facilisi. Class aptent taciti sociosqu ad litora torquent per conubia nostra, per inceptos himenaeos. Nam porta sollicitudin metus vestibulum ornare. Maecenas aliquam sem sit amet vulputate ornare. Morbi at ex ut odio vehicula pretium et a ante. Cras euismod vel orci non consequat. Quisque gravida consequat justo, ut ornare nisl facilisis quis. Mauris eget nibh a risus interdum molestie. Ut sed velit ac magna vulputate euismod. ', '2008-11-08 22:21:43', 1, NULL, NULL, 0),
(25, 'BRIO-R', 32, '471.00', 'AM-RE-0025', 1, 'Etiam vitae sodales ante, sit amet mattis tellus. Vestibulum lobortis enim et ipsum dapibus interdum. Sed non vestibulum odio. Suspendisse dignissim turpis vitae velit convallis, a egestas sem finibus. Nunc sollicitudin eros eu odio semper, eget suscipit enim commodo. Etiam lorem enim, dictum eu nisi in, malesuada ullamcorper augue. Curabitur semper libero quis leo lacinia, placerat bibendum mauris molestie. Quisque vitae imperdiet eros. Curabitur semper scelerisque rutrum. Integer dictum mauris sed ultricies tempus. Morbi a ornare lorem. Quisque at justo eu purus ornare convallis id eu felis. Phasellus vestibulum, massa a euismod condimentum, urna arcu dapibus elit, nec finibus mauris risus non nisl. Quisque semper bibendum euismod. ', 'Suspendisse potenti. Sed fringilla est tristique, iaculis mauris in, molestie neque. Fusce laoreet elementum urna, ut volutpat odio posuere eu. Duis quam arcu, dignissim ut sodales et, tristique ut leo. In turpis dolor, tempus et urna at, mattis tempus libero. Sed aliquam, dui eu eleifend elementum, sem diam dictum libero, nec fermentum nunc metus quis leo. Vestibulum vehicula neque et placerat pharetra. In ante eros, placerat nec elit sit amet, cursus scelerisque magna. Sed sit amet congue sem. Sed erat justo, euismod vitae sodales venenatis, malesuada sit amet tortor. Cum sociis natoque penatibus et magnis dis parturient montes, nascetur ridiculus mus. Cras placerat porta purus. Nunc elementum ante quis risus cursus, lobortis molestie elit eleifend. Suspendisse potenti. ', '2006-10-09 07:49:05', 1, NULL, NULL, 0),
(26, 'ELEX-R', 54, '417.00', 'AM-RE-0026', 1, 'Ut leo orci, facilisis dapibus feugiat dapibus, tincidunt et elit. Suspendisse elit mauris, semper vel lobortis at, viverra sed turpis. Vivamus volutpat mi dolor, id tincidunt dolor commodo consectetur. Aenean dui mi, varius eleifend viverra quis, pulvinar non sem. Cras facilisis ipsum tortor, non accumsan ipsum cursus et. Nullam nec eros et urna bibendum condimentum. Nulla tempus ullamcorper massa. Donec in ipsum vitae sapien pretium volutpat. Nulla facilisi. Mauris suscipit velit eget augue iaculis, in gravida augue luctus. Morbi eu vestibulum metus. Integer suscipit tempor ipsum, et gravida sem tempor vitae. Mauris dapibus, magna id vestibulum suscipit, lectus erat dapibus lectus, sit amet rhoncus lorem ligula eget leo. Suspendisse condimentum nec enim a bibendum. ', 'Phasellus dolor arcu, pretium sed vestibulum ut, suscipit in odio. Cras vulputate sapien rhoncus velit facilisis, eget viverra sem consectetur. Etiam vel nibh sit amet nisi semper accumsan id vel magna. Praesent dictum pretium dui. Donec auctor lorem ultricies congue ultrices. Quisque ullamcorper commodo augue ut feugiat. Vestibulum pretium tellus ac dui suscipit, a ullamcorper metus vehicula. Fusce suscipit elit vel odio faucibus, at tincidunt enim pharetra. Proin auctor volutpat sapien euismod vulputate. Sed faucibus finibus nibh in semper. Maecenas lacus orci, dignissim sed velit a, condimentum dictum lacus. Aliquam vestibulum, felis sit amet iaculis eleifend, quam diam semper nisi, et congue felis magna non felis. Etiam massa lacus, ullamcorper ut tempor eu, pulvinar id lacus. Etiam vel orci id tellus ornare mollis id laoreet quam. ', '2008-05-14 11:52:24', 1, NULL, NULL, 0),
(27, 'ELICIT-R', 24, '471.00', 'AM-RE-0027', 1, 'Etiam ultrices rutrum eros eu congue. Fusce euismod eu enim quis tincidunt. Aenean aliquet elit odio, sit amet tempus leo bibendum at. Suspendisse porttitor id turpis maximus commodo. Cras sagittis laoreet elit, vitae condimentum urna feugiat in. Nulla a mollis dui. Phasellus et mattis mi. Nulla cursus felis non tortor vehicula, sit amet dictum metus consectetur. Donec elementum faucibus enim quis tincidunt. Aliquam dolor elit, cursus ornare risus nec, pellentesque euismod nunc. Vestibulum dictum tellus justo, ut fermentum eros tempor eget. ', 'Proin vestibulum consequat est. Aenean placerat odio sit amet metus iaculis, eget facilisis risus faucibus. Nam consequat consectetur justo sed faucibus. Pellentesque iaculis arcu elit, vel commodo tellus euismod pulvinar. Pellentesque elementum enim at augue scelerisque semper. Vivamus pellentesque tellus a turpis ultricies, ac ullamcorper lorem ullamcorper. Aliquam nulla quam, vulputate sed pretium vel, maximus non sem. In rutrum aliquam purus, eu venenatis mi lobortis non. Sed ligula purus, sodales quis dignissim non, accumsan id ipsum. Nam maximus lobortis auctor. Praesent laoreet elementum magna, non auctor justo porttitor finibus. Mauris lobortis molestie elit, eu euismod quam dapibus at. Donec ultricies neque nisi, eu venenatis leo lobortis vel. ', '2014-12-13 03:56:09', 1, NULL, NULL, 0),
(28, 'OSIRIS-R', 27, '741.00', 'AM-RE-0028', 1, 'Sed dictum nunc at ornare eleifend. Nunc euismod pharetra felis nec tristique. Integer ac nibh lorem. Nulla sollicitudin volutpat lacus, sit amet dapibus dui molestie id. Pellentesque eleifend facilisis euismod. Nullam iaculis, velit at pharetra blandit, lacus mauris elementum nisi, et posuere dolor risus a tellus. In hac habitasse platea dictumst. Morbi posuere ante et sem gravida, at convallis justo imperdiet. Nunc sit amet elit nisl. ', 'Pellentesque porttitor libero vel faucibus euismod. Aenean vehicula tempor justo, ac aliquam diam commodo quis. Donec ut turpis urna. Morbi ut sollicitudin dolor, in porttitor leo. Etiam cursus accumsan tellus, a tincidunt nisl mollis ac. Vivamus accumsan ex at feugiat molestie. Cras pulvinar ex arcu, et dictum diam lacinia ut. Aenean ac justo sed magna suscipit suscipit a eget ex. Morbi ac elit et ipsum scelerisque aliquet nec non lorem. ', '2000-12-05 04:45:44', 1, NULL, NULL, 0),
(29, 'A-9070', 28, '857.00', 'AM-ON-0029', 1, 'Etiam ultrices rutrum eros eu congue. Fusce euismod eu enim quis tincidunt. Aenean aliquet elit odio, sit amet tempus leo bibendum at. Suspendisse porttitor id turpis maximus commodo. Cras sagittis laoreet elit, vitae condimentum urna feugiat in. Nulla a mollis dui. Phasellus et mattis mi. Nulla cursus felis non tortor vehicula, sit amet dictum metus consectetur. Donec elementum faucibus enim quis tincidunt. Aliquam dolor elit, cursus ornare risus nec, pellentesque euismod nunc. Vestibulum dictum tellus justo, ut fermentum eros tempor eget. ', 'Morbi vel fermentum purus. Nulla eget volutpat urna. Vivamus facilisis in leo vitae semper. Nulla augue enim, finibus vitae purus venenatis, sodales sodales turpis. Donec tellus magna, imperdiet ut luctus sit amet, rutrum vitae lacus. Suspendisse congue ornare eros non venenatis. Nulla quis commodo felis. Praesent vitae ex ut nulla tempus euismod. Nunc id accumsan lorem. ', '2008-08-13 19:27:35', 1, NULL, NULL, 0),
(30, 'TX-8020', 25, '457.00', 'AM-ON-0030', 1, 'Mauris scelerisque tempor faucibus. Duis sit amet ultricies neque. Donec ut enim accumsan, vehicula lacus in, dapibus magna. Ut elit enim, porttitor in risus eget, eleifend commodo erat. Vivamus pharetra bibendum sem, pharetra semper urna ultrices quis. Integer tempus vestibulum lectus, eget finibus est ornare eget. Curabitur eu nunc id dolor tincidunt egestas vel ac purus. Ut sit amet diam ex. Etiam pretium leo et lectus gravida, sit amet posuere ligula blandit. ', 'Nullam laoreet lacus eu faucibus lobortis. Aenean laoreet mi in scelerisque maximus. Aliquam sollicitudin interdum elit. Fusce lectus odio, commodo eget felis dapibus, pharetra rutrum ex. Vestibulum eleifend porta mauris, ac dapibus enim sollicitudin sed. Mauris porttitor ultricies felis ac tempus. Nulla congue pretium enim, vel semper libero consequat a. Curabitur lacinia elementum egestas. Pellentesque ornare, massa eu fringilla rutrum, nunc neque sodales lorem, eu euismod arcu ligula sed nisl. Phasellus ullamcorper et ex a molestie. Nunc malesuada sit amet tellus porta aliquet. Nulla rhoncus at orci ac congue. Nunc ac mattis eros, ut malesuada metus. ', '2004-11-27 15:55:30', 1, NULL, NULL, 0),
(31, 'P-3000R', 23, '784.00', 'AM-ON-0031', 1, 'Sed dictum nunc at ornare eleifend. Nunc euismod pharetra felis nec tristique. Integer ac nibh lorem. Nulla sollicitudin volutpat lacus, sit amet dapibus dui molestie id. Pellentesque eleifend facilisis euismod. Nullam iaculis, velit at pharetra blandit, lacus mauris elementum nisi, et posuere dolor risus a tellus. In hac habitasse platea dictumst. Morbi posuere ante et sem gravida, at convallis justo imperdiet. Nunc sit amet elit nisl. ', 'Vivamus et congue nisl, id posuere nulla. Praesent congue nulla ac mollis posuere. Nam ac turpis vitae ante luctus luctus nec at augue. Aenean blandit eros nec lorem pretium, a sagittis est vehicula. Sed mi eros, efficitur eu sollicitudin sit amet, faucibus vel eros. Mauris at feugiat ante. Nullam rutrum urna sit amet interdum tempor. Ut mattis suscipit congue. Phasellus gravida imperdiet lorem, nec imperdiet est pellentesque sit amet. Morbi eget nulla dolor. Curabitur non efficitur risus. Aliquam felis urna, ultricies nec urna at, egestas eleifend nunc. Maecenas convallis dolor vel rutrum convallis. Nullam feugiat ipsum ut mi varius egestas. Vestibulum nec enim vitae neque maximus condimentum non ac risus. Pellentesque habitant morbi tristique senectus et netus et malesuada fames ac turpis egestas. ', '2007-11-20 10:01:54', 1, NULL, NULL, 0),
(32, 'P-3000RA', 26, '784.00', 'AM-ON-0032', 1, 'Sed cursus arcu non sem blandit consequat. Nulla aliquet nisl eget arcu tincidunt, vulputate iaculis risus egestas. Nullam eget quam in magna sollicitudin porttitor. Vivamus vel sapien massa. Aliquam ut tempus quam. Phasellus vitae accumsan sem. Nulla facilisi. Morbi tincidunt vulputate rutrum. Mauris accumsan nisi mi, vel pellentesque leo finibus sed. Suspendisse potenti. Morbi pulvinar risus posuere quam euismod ullamcorper. ', 'Suspendisse vitae bibendum mi. Ut lobortis ultrices massa, fringilla fermentum lorem ultrices vel. Phasellus cursus lectus non tellus bibendum faucibus. Cras eu felis vitae est finibus consectetur. Aenean mollis tempor mi. Sed consectetur accumsan neque, vel tempus nisl hendrerit sed. Integer non sem nulla. Praesent dapibus sem tristique, pulvinar enim ut, tincidunt nisi. ', '2003-12-01 20:47:00', 1, NULL, NULL, 0),
(33, 'PA-MC5501', 23, '748.00', 'AM-ON-0033', 1, 'Etiam quis sem ac orci molestie semper. Ut sit amet vehicula elit. Morbi porta sagittis nibh, in vehicula tellus faucibus sit amet. Lorem ipsum dolor sit amet, consectetur adipiscing elit. Proin imperdiet libero sit amet neque scelerisque porta. Mauris sit amet justo tincidunt nunc egestas aliquam id ut nunc. Pellentesque laoreet lectus est, a vestibulum mi luctus a. Nam maximus facilisis posuere. Aliquam eu neque volutpat, viverra metus at, elementum quam. Sed nec neque commodo, laoreet neque ac, iaculis nibh. Quisque in quam a elit pulvinar efficitur. Duis porttitor, turpis ac efficitur facilisis, enim velit rhoncus nibh, vitae porta augue sem sed ligula. Curabitur dapibus id nisl in dictum. ', 'Proin cursus quam magna, varius tincidunt leo lobortis id. Maecenas a elit at nibh ullamcorper fringilla ut ut velit. Nam sit amet lectus sed est elementum commodo non quis velit. In quis nisl gravida, feugiat quam non, maximus mi. Mauris rhoncus mi mi, at efficitur tortor tincidunt at. Duis facilisis libero eget sem consectetur, in mattis urna placerat. Fusce venenatis ipsum vitae ligula ornare consequat. Vestibulum ante ipsum primis in faucibus orci luctus et ultrices posuere cubilia Curae; Praesent hendrerit suscipit lectus sed maximus. Ut nec ex non turpis aliquam placerat. Nullam nec consectetur lorem. ', '2007-03-03 22:46:09', 1, NULL, NULL, 0),
(34, 'PHA-1045', 25, '444.00', 'AM-ON-0034', 1, 'Nam vehicula ex ut ipsum tincidunt bibendum. Vivamus vel leo semper, aliquam metus ut, hendrerit magna. Sed vitae nibh rutrum turpis malesuada consequat sed eu ante. In volutpat cursus hendrerit. Proin tempor libero vitae augue maximus maximus. Proin iaculis eros nec imperdiet mattis. Cras et leo at ante condimentum tempor. Proin ultricies mollis hendrerit. Fusce efficitur cursus velit in tempus. Fusce tincidunt quam a finibus rhoncus. Aliquam vitae dui dui. Suspendisse iaculis, nisl id pellentesque ultricies, nunc mauris eleifend metus, eget laoreet urna leo quis enim. Nulla volutpat at est sed dignissim. ', 'Nam tellus metus, mollis ut ligula in, pulvinar auctor diam. Nulla suscipit quam a diam interdum, sed interdum orci egestas. Suspendisse rhoncus malesuada massa aliquam rhoncus. Proin sodales bibendum accumsan. Nullam lobortis finibus massa sit amet porttitor. Maecenas metus lectus, vehicula sed dui eu, rutrum varius urna. Proin venenatis nulla diam, in interdum mi viverra a. Morbi mattis vestibulum magna, id finibus erat condimentum sed. Donec quis dapibus enim. Quisque dapibus eget est elementum bibendum. Sed vestibulum nunc vitae augue condimentum, vel fermentum quam ultricies. Nullam lorem orci, pharetra in consequat eget, feugiat non risus. ', '2005-06-28 06:14:00', 1, NULL, NULL, 0),
(35, 'PHA-1045DAB', 23, '578.00', 'AM-ON-0035', 1, 'Nam eleifend id justo vitae condimentum. Curabitur ante massa, porta quis rhoncus quis, rhoncus nec mauris. In ultrices fermentum viverra. Mauris vestibulum, tellus vel pulvinar aliquet, lorem metus eleifend metus, eu ultrices dolor ipsum ut nisl. Cras vel libero mi. Vestibulum ultrices eleifend dui, sit amet porta quam consequat at. Ut eget sapien quis velit consequat luctus. Integer euismod eros tristique, vulputate arcu a, ullamcorper justo. Praesent tincidunt malesuada quam. Fusce elementum lectus nulla, vitae auctor magna consequat ut. Nunc commodo sapien eget neque interdum, in faucibus orci pharetra. Quisque vel quam posuere, viverra ipsum et, pulvinar augue. Morbi vel sagittis nisi. Cras consequat hendrerit risus cursus fermentum. Vivamus ultricies tellus ac nisi imperdiet fermentum. ', 'In suscipit, leo non tempor feugiat, odio sapien pretium arcu, a cursus mauris ipsum vitae dui. In sodales diam lacus, ac luctus lorem rutrum id. Curabitur et viverra orci. Maecenas nec ante eget turpis pretium mollis. Mauris eu interdum tellus, eget pretium ipsum. Ut et dignissim magna. Nam consequat, neque nec faucibus viverra, ipsum augue varius sapien, quis varius sem ex molestie nunc. Maecenas at vehicula ipsum, id faucibus nisl. Fusce at elementum risus. Suspendisse mattis tellus quis lectus bibendum commodo. ', '2008-08-02 11:23:51', 1, NULL, NULL, 0),
(36, 'PHA-1045DAB-E', 26, '254.00', 'AM-ON-0036', 1, 'Sed eget diam tempor, mattis nisi non, consequat diam. Aliquam massa mi, porttitor sed nisl quis, rhoncus ornare lorem. Fusce sagittis laoreet tellus in bibendum. Nam pharetra tempor urna nec placerat. Quisque sit amet placerat magna, vel mollis enim. Integer ullamcorper nulla augue, id maximus nunc imperdiet et. Nulla luctus nulla nulla, sit amet imperdiet nibh auctor quis. Phasellus facilisis dapibus dolor in sollicitudin. ', 'Nulla cursus lorem purus, sit amet tristique est euismod non. Nunc eget libero tincidunt, pulvinar neque at, hendrerit sapien. Praesent eu eros a ligula tempus faucibus. Fusce rhoncus in velit sed pharetra. Praesent pulvinar auctor nunc, in elementum lectus bibendum in. Duis congue nisl ac enim tincidunt tincidunt. Proin metus nisi, sodales sit amet metus eget, faucibus varius est. Phasellus quis felis ligula. Aenean sollicitudin velit pretium massa eleifend, eleifend imperdiet tellus accumsan. Nullam at mattis risus. Nunc aliquet elementum sagittis. Maecenas mi arcu, vehicula ac leo in, maximus dignissim lorem. Sed eleifend eu sem ac mattis. ', '2007-02-01 00:40:48', 1, NULL, NULL, 0),
(37, '340A', 27, '478.00', 'AM-CA-0037', 1, 'Vivamus et eros maximus, pharetra orci dictum, convallis urna. Suspendisse et porta diam, suscipit vehicula erat. Aenean egestas orci non tellus aliquam, quis vulputate orci maximus. Aenean scelerisque quam vel fermentum mollis. Praesent aliquet, turpis vulputate malesuada egestas, quam eros posuere tortor, eget vehicula lorem mauris ac ante. Etiam dignissim leo ac ipsum semper, eget auctor sapien cursus. Suspendisse vel sollicitudin turpis. Nunc sagittis, felis a tincidunt convallis, lectus eros laoreet odio, ac posuere est nunc et nulla. Praesent consectetur metus at augue consequat sodales. Morbi tincidunt arcu pellentesque luctus commodo. ', 'Etiam ullamcorper, diam eget efficitur ultricies, leo lacus mattis massa, at auctor magna massa vel nisl. Quisque velit nulla, faucibus et nisi a, auctor vestibulum lectus. Fusce ut fringilla sem. Etiam justo sem, facilisis ut lacus in, sollicitudin cursus metus. Maecenas et ligula et massa porttitor ornare. Quisque venenatis imperdiet lectus id feugiat. Vestibulum ante ipsum primis in faucibus orci luctus et ultrices posuere cubilia Curae; Interdum et malesuada fames ac ante ipsum primis in faucibus. Duis nec tortor sodales, consequat tellus sit amet, sollicitudin purus. ', '2006-09-13 22:01:03', 1, NULL, NULL, 0);
INSERT INTO `products` (`product_id`, `model`, `quantity_in_stock`, `price`, `sku`, `unit`, `details`, `more_information`, `date_created`, `user_created`, `date_accessed`, `user_accessed`, `deleted`) VALUES
(38, '340A SE', 23, '458.00', 'AM-CA-0038', 1, 'Curabitur quis massa ex. Donec in leo nec arcu semper accumsan. Curabitur bibendum maximus odio non tristique. Etiam hendrerit quam ut lorem condimentum porta. Quisque in ultricies ante, non feugiat metus. Quisque pulvinar semper rhoncus. Integer varius massa magna, nec dignissim libero bibendum eu. Ut non urna pharetra, volutpat erat quis, tempor ligula. Donec ut vestibulum ante. ', 'Vivamus et congue nisl, id posuere nulla. Praesent congue nulla ac mollis posuere. Nam ac turpis vitae ante luctus luctus nec at augue. Aenean blandit eros nec lorem pretium, a sagittis est vehicula. Sed mi eros, efficitur eu sollicitudin sit amet, faucibus vel eros. Mauris at feugiat ante. Nullam rutrum urna sit amet interdum tempor. Ut mattis suscipit congue. Phasellus gravida imperdiet lorem, nec imperdiet est pellentesque sit amet. Morbi eget nulla dolor. Curabitur non efficitur risus. Aliquam felis urna, ultricies nec urna at, egestas eleifend nunc. Maecenas convallis dolor vel rutrum convallis. Nullam feugiat ipsum ut mi varius egestas. Vestibulum nec enim vitae neque maximus condimentum non ac risus. Pellentesque habitant morbi tristique senectus et netus et malesuada fames ac turpis egestas. ', '2000-03-23 15:01:10', 1, NULL, NULL, 0),
(39, '540A v2', 26, '845.00', 'AM-CA-0039', 1, 'Nam viverra massa purus, porta convallis arcu rhoncus sed. Pellentesque sed leo tempor, tristique sapien non, auctor dui. Suspendisse lorem elit, dapibus vel enim at, tincidunt feugiat lorem. Vivamus ornare dictum tincidunt. Mauris nec est quis lectus tempus hendrerit et in leo. Fusce a purus vehicula, facilisis sapien vel, elementum odio. Ut faucibus, augue eu ultricies auctor, orci orci fermentum quam, at malesuada tellus libero sed ipsum. Ut eget ultrices nisi. Mauris turpis lorem, finibus id convallis sed, ornare a velit. Morbi dapibus enim dui, sit amet maximus nibh placerat ut. ', 'Pellentesque quis ligula id diam malesuada dictum. Duis ultricies, metus mollis tincidunt suscipit, neque erat scelerisque ante, sed fermentum lorem quam in massa. Cras et blandit ipsum. Nunc ac libero luctus, faucibus tellus non, iaculis arcu. In et dignissim est, ac elementum elit. Aenean luctus ut augue quis gravida. Integer vehicula tortor et erat finibus dictum. Praesent pharetra facilisis libero, vitae sollicitudin purus iaculis a. Nunc vel facilisis libero, id pharetra velit. Fusce in pharetra diam. Maecenas eget ex gravida, viverra orci ac, fringilla magna. Vestibulum in dolor diam. In mi nisl, placerat vitae faucibus non, sodales non sem. Donec malesuada, tellus accumsan faucibus semper, ante erat luctus quam, eu vestibulum eros sem dignissim dui. Morbi congue purus sollicitudin, condimentum lacus in, imperdiet dolor. Quisque at enim eget massa aliquet condimentum. ', '2004-06-22 13:19:16', 1, NULL, NULL, 0),
(40, '640A v2', 22, '458.00', 'AM-CA-0040', 1, 'Integer sagittis lacus eu lectus tincidunt rhoncus. Phasellus eleifend ex sit amet massa hendrerit, id maximus arcu varius. Praesent quis sapien id orci fermentum iaculis. Vivamus laoreet orci eu volutpat imperdiet. Nunc et fringilla massa, quis gravida ante. Cras nec augue urna. Ut malesuada purus et sem ullamcorper, a pharetra purus rhoncus. Nullam volutpat eleifend mauris at lobortis. Duis suscipit dolor eu leo ornare, nec elementum leo interdum. Aliquam hendrerit efficitur velit ultricies consequat. Praesent aliquam nunc quam, et convallis lectus faucibus non. Ut at gravida purus. Pellentesque ultricies eros nec dictum aliquet. Praesent non mattis ligula. ', 'Mauris scelerisque tempor faucibus. Duis sit amet ultricies neque. Donec ut enim accumsan, vehicula lacus in, dapibus magna. Ut elit enim, porttitor in risus eget, eleifend commodo erat. Vivamus pharetra bibendum sem, pharetra semper urna ultrices quis. Integer tempus vestibulum lectus, eget finibus est ornare eget. Curabitur eu nunc id dolor tincidunt egestas vel ac purus. Ut sit amet diam ex. Etiam pretium leo et lectus gravida, sit amet posuere ligula blandit. ', '2014-08-14 01:41:22', 1, NULL, NULL, 0),
(41, '740A', 26, '478.00', 'AM-CA-0041', 1, 'Nullam vitae pretium tortor, vel sagittis massa. Sed nec eros sit amet tellus tristique semper. Donec malesuada eget augue ac blandit. In sapien metus, condimentum ac euismod sed, mattis ac nulla. Pellentesque maximus in risus eu vehicula. Nam auctor nibh nisi. Duis imperdiet sodales purus ut pharetra. Pellentesque sit amet tristique est. Integer vel mi eu massa viverra convallis. Sed ut turpis eget nisl tempor dapibus. Maecenas ut vehicula nisl, ut placerat quam. Nunc faucibus dapibus ex elementum tempor. Aliquam erat volutpat. Pellentesque habitant morbi tristique senectus et netus et malesuada fames ac turpis egestas. ', 'Vivamus vehicula suscipit vestibulum. Mauris consequat velit neque, eget pulvinar neque tincidunt eu. Proin gravida porttitor velit sollicitudin mattis. Donec volutpat tempus felis, vel blandit ex maximus id. Interdum et malesuada fames ac ante ipsum primis in faucibus. Praesent porttitor interdum tempus. Nunc fermentum gravida neque, eget eleifend purus varius et. In eget erat in lorem commodo dignissim nec vel nulla. Ut quis ultrices neque. ', '2011-06-24 01:26:33', 1, NULL, NULL, 0),
(42, '840A', 27, '478.00', 'AM-CA-0042', 1, 'Vivamus ut ex in purus viverra varius eu sed augue. Suspendisse viverra neque metus, a hendrerit lectus aliquam sed. Sed mauris felis, sodales sed ultricies vel, ullamcorper quis urna. Nam id nisl at mi commodo tincidunt. Nullam pulvinar mollis justo, elementum pretium urna ornare ac. Integer bibendum lacus sed mauris ullamcorper aliquam. Nullam non varius nulla. Ut sit amet posuere tortor. ', 'Ut eros massa, rutrum in vulputate eu, consectetur ut elit. Nulla velit dui, aliquet id vulputate ac, auctor sit amet felis. Nam rhoncus elit non sem condimentum, venenatis ullamcorper mi elementum. Sed ut urna nunc. Aliquam in tincidunt nunc. Mauris lacinia enim est, quis imperdiet libero hendrerit sit amet. Nulla sagittis dolor justo, ac molestie odio semper semper. Mauris imperdiet quis arcu non dapibus. Suspendisse varius, mi ac tincidunt vehicula, nunc mi scelerisque mi, vitae bibendum justo sapien a neque. Donec eu velit ullamcorper ipsum hendrerit laoreet quis in arcu. Donec fringilla tellus sed volutpat mollis. ', '2008-07-20 23:34:13', 1, NULL, NULL, 0),
(43, '840A', 25, '547.00', 'AM-CA-0043', 1, 'Donec sagittis felis risus, quis maximus lorem ultrices vitae. Quisque nunc leo, vulputate vel nisl a, viverra vehicula sem. Curabitur at urna erat. Aliquam eget ornare eros. Duis vel lorem tristique, varius neque sit amet, laoreet nisl. Phasellus id vehicula ipsum, eu fermentum quam. Quisque tristique, augue ut condimentum pellentesque, diam tellus euismod orci, ac pharetra augue massa eu nisi. Integer vel nisl id purus dignissim pulvinar nec ut est. ', 'Vestibulum ante ipsum primis in faucibus orci luctus et ultrices posuere cubilia Curae; Suspendisse condimentum sit amet libero ac hendrerit. Vivamus finibus rutrum nisl, sollicitudin tempus nisl bibendum vitae. Quisque dictum justo quis risus faucibus lobortis. In nec nulla ac ligula sollicitudin egestas. Interdum et malesuada fames ac ante ipsum primis in faucibus. Morbi venenatis mi a dolor scelerisque laoreet. Nunc porttitor sagittis nulla, id congue ante placerat eu. ', '2014-09-03 21:02:24', 1, NULL, NULL, 0),
(44, 'APOLLO-R', 24, '478.00', 'CD-RE-0044', 1, 'Vestibulum ante ipsum primis in faucibus orci luctus et ultrices posuere cubilia Curae; Sed non fringilla nisi, vel pharetra mauris. Ut ut turpis condimentum, luctus tortor aliquet, tincidunt orci. Nullam fermentum quam ut est dapibus, vitae tincidunt turpis viverra. Aliquam ultrices, enim eget iaculis iaculis, ipsum arcu faucibus elit, et eleifend nunc augue quis sem. Vestibulum sapien libero, tempus in rhoncus ullamcorper, rutrum at ante. Etiam vehicula purus non tortor consequat, sed viverra lectus pellentesque. Donec magna felis, condimentum sit amet feugiat vel, malesuada non velit. Fusce a nulla non justo fringilla finibus. Mauris iaculis bibendum sem, vitae eleifend mauris. Morbi ut neque dignissim, malesuada augue vitae, pharetra nibh. Vestibulum aliquam urna tempor nibh venenatis sodales. Aenean lobortis volutpat vestibulum. Vivamus malesuada nunc nulla, in condimentum lorem tempor eget. ', 'Etiam ultrices rutrum eros eu congue. Fusce euismod eu enim quis tincidunt. Aenean aliquet elit odio, sit amet tempus leo bibendum at. Suspendisse porttitor id turpis maximus commodo. Cras sagittis laoreet elit, vitae condimentum urna feugiat in. Nulla a mollis dui. Phasellus et mattis mi. Nulla cursus felis non tortor vehicula, sit amet dictum metus consectetur. Donec elementum faucibus enim quis tincidunt. Aliquam dolor elit, cursus ornare risus nec, pellentesque euismod nunc. Vestibulum dictum tellus justo, ut fermentum eros tempor eget. ', '2013-10-17 05:04:58', 1, NULL, NULL, 0),
(45, 'SATURN-R', 25, '478.00', 'CD-RE-0045', 1, 'Maecenas maximus, velit eget finibus venenatis, lacus nibh rhoncus velit, a vehicula metus arcu vel enim. Pellentesque habitant morbi tristique senectus et netus et malesuada fames ac turpis egestas. Morbi sit amet condimentum lacus. Etiam malesuada tempor vehicula. Praesent nec imperdiet elit. Pellentesque habitant morbi tristique senectus et netus et malesuada fames ac turpis egestas. Proin semper, lectus ac sollicitudin blandit, erat tellus laoreet turpis, eu tincidunt nisi sapien sed ex. Integer cursus faucibus nisi, et interdum ex sagittis ac. ', 'Pellentesque eu maximus magna. Vivamus facilisis ut ligula sed pretium. Mauris sit amet sem sed quam lobortis sodales ac id diam. Aenean ornare euismod sem, quis fermentum quam congue pulvinar. Phasellus ut sollicitudin mauris. Nulla ornare lacinia neque, eget pharetra velit vulputate nec. Aenean eget sem consequat, tristique ante at, aliquam justo. ', '2008-09-13 16:17:52', 1, NULL, NULL, 0),
(46, 'ISIS', 27, '247.00', 'CD-RE-0046', 1, 'Vivamus justo purus, condimentum non est varius, gravida luctus orci. Vestibulum neque magna, porta in nunc et, dignissim tincidunt nibh. Sed mi ex, viverra et nibh a, molestie maximus dui. Praesent risus lectus, fermentum non ultricies in, sagittis vel augue. Duis dapibus vel odio a pharetra. Lorem ipsum dolor sit amet, consectetur adipiscing elit. Nulla eget vulputate tellus. Quisque non varius dolor, eu fringilla tellus. Nam mi arcu, dignissim ac pharetra et, varius at neque. Praesent justo quam, lobortis ut congue vitae, scelerisque eu augue. Nunc imperdiet elementum dolor eu ultricies. Fusce maximus quam eu aliquet pretium. Duis in felis nibh. Duis fermentum posuere sollicitudin. Etiam varius viverra risus vitae gravida. ', 'Suspendisse id eleifend ante. Nunc convallis felis at lorem lobortis luctus. Duis at tellus eu erat tempus iaculis. In a dapibus enim. Curabitur in mattis velit. Duis interdum ac leo vitae commodo. Phasellus porta, diam in rutrum rutrum, urna velit tristique magna, sit amet gravida odio purus at justo. Ut eget tortor nibh. Praesent pulvinar justo ac tempor tristique. Etiam interdum vel nisi et sagittis. Suspendisse euismod quis ex at placerat. ', '2003-09-25 11:06:25', 1, NULL, NULL, 0),
(47, 'VALVE ISIS', 28, '478.00', 'CD-RE-0047', 1, 'Phasellus ut malesuada augue, sed bibendum leo. Sed scelerisque luctus imperdiet. Nam ut fermentum justo. Morbi velit nunc, porttitor sit amet blandit nec, molestie et augue. Donec sodales nulla sit amet eros porta lobortis. Pellentesque ornare nisi egestas accumsan vulputate. Quisque sagittis, metus a commodo lacinia, mauris odio imperdiet neque, quis scelerisque elit nisl ac erat. Fusce et mi sem. Praesent a urna a sem imperdiet gravida at quis felis. Fusce in efficitur felis. In hac habitasse platea dictumst. Maecenas imperdiet ipsum non diam scelerisque feugiat. Aenean finibus vulputate nibh id facilisis. Integer vitae libero sit amet arcu luctus malesuada. Aliquam elementum tincidunt imperdiet. Mauris ultrices risus sapien, id porta est malesuada quis. ', 'Vestibulum ante ipsum primis in faucibus orci luctus et ultrices posuere cubilia Curae; Suspendisse condimentum sit amet libero ac hendrerit. Vivamus finibus rutrum nisl, sollicitudin tempus nisl bibendum vitae. Quisque dictum justo quis risus faucibus lobortis. In nec nulla ac ligula sollicitudin egestas. Interdum et malesuada fames ac ante ipsum primis in faucibus. Morbi venenatis mi a dolor scelerisque laoreet. Nunc porttitor sagittis nulla, id congue ante placerat eu. ', '2011-06-09 18:50:30', 1, NULL, NULL, 0),
(48, 'DAC-R', 32, '578.00', 'CD-RE-0048', 1, 'Donec dignissim nisi sed magna ullamcorper, volutpat laoreet quam ultrices. Aliquam ullamcorper malesuada rutrum. Ut vitae ex arcu. Praesent fringilla dapibus consectetur. In erat ligula, commodo quis accumsan eu, pretium ac ipsum. Phasellus dignissim tellus at lectus euismod dignissim. Etiam elit sem, aliquam nec placerat eget, imperdiet at ipsum. Suspendisse potenti. ', 'Donec eget efficitur dolor, vel bibendum erat. Pellentesque vitae neque ex. Suspendisse dignissim lacus luctus feugiat pulvinar. Vestibulum in libero non leo aliquet porta in vel risus. Sed a enim nisi. Praesent est lacus, sollicitudin eu blandit non, ornare vitae risus. Nunc dictum pellentesque iaculis. In commodo dapibus libero ut semper. Class aptent taciti sociosqu ad litora torquent per conubia nostra, per inceptos himenaeos. Nam urna metus, volutpat eget elit non, consectetur cursus metus. Phasellus nec est at nisi aliquet imperdiet. Integer efficitur elit sit amet lorem rutrum, at auctor nunc facilisis. ', '2008-11-19 16:03:50', 1, NULL, NULL, 0),
(49, '340C', 32, '458.00', 'CD-CA-0049', 1, 'Etiam ultrices rutrum eros eu congue. Fusce euismod eu enim quis tincidunt. Aenean aliquet elit odio, sit amet tempus leo bibendum at. Suspendisse porttitor id turpis maximus commodo. Cras sagittis laoreet elit, vitae condimentum urna feugiat in. Nulla a mollis dui. Phasellus et mattis mi. Nulla cursus felis non tortor vehicula, sit amet dictum metus consectetur. Donec elementum faucibus enim quis tincidunt. Aliquam dolor elit, cursus ornare risus nec, pellentesque euismod nunc. Vestibulum dictum tellus justo, ut fermentum eros tempor eget. ', 'Praesent elementum, orci at condimentum interdum, lacus nibh volutpat est, non vulputate justo risus eu nulla. Sed eget gravida massa. Praesent eu fringilla odio, a elementum sapien. Cras vulputate est leo, fermentum ullamcorper sapien tempus ut. Duis leo tellus, tincidunt ac tellus vel, sodales dignissim velit. Curabitur vehicula ac nisi eget imperdiet. Cum sociis natoque penatibus et magnis dis parturient montes, nascetur ridiculus mus. Morbi mattis vehicula odio, eu dapibus magna porta eu. ', '2002-07-16 21:49:17', 1, NULL, NULL, 0),
(50, '540C v2', 26, '789.00', 'CD-CA-0050', 1, 'Nam viverra massa purus, porta convallis arcu rhoncus sed. Pellentesque sed leo tempor, tristique sapien non, auctor dui. Suspendisse lorem elit, dapibus vel enim at, tincidunt feugiat lorem. Vivamus ornare dictum tincidunt. Mauris nec est quis lectus tempus hendrerit et in leo. Fusce a purus vehicula, facilisis sapien vel, elementum odio. Ut faucibus, augue eu ultricies auctor, orci orci fermentum quam, at malesuada tellus libero sed ipsum. Ut eget ultrices nisi. Mauris turpis lorem, finibus id convallis sed, ornare a velit. Morbi dapibus enim dui, sit amet maximus nibh placerat ut. ', 'Praesent tellus augue, sodales id ante nec, porta maximus felis. Vestibulum purus leo, egestas eget lacus quis, scelerisque accumsan nisi. Donec tristique at ex hendrerit sodales. Integer sed sodales diam, vel pretium elit. Nam ullamcorper urna vitae risus tincidunt, tristique blandit metus convallis. Nunc nec dictum purus. Suspendisse auctor rutrum augue, et imperdiet augue luctus sit amet. Aenean pellentesque odio arcu, et varius lacus maximus sed. ', '2004-10-18 10:52:01', 1, NULL, NULL, 0),
(51, '640 v2', 76, '742.00', 'CD-CA-0051', 1, 'Ut leo orci, facilisis dapibus feugiat dapibus, tincidunt et elit. Suspendisse elit mauris, semper vel lobortis at, viverra sed turpis. Vivamus volutpat mi dolor, id tincidunt dolor commodo consectetur. Aenean dui mi, varius eleifend viverra quis, pulvinar non sem. Cras facilisis ipsum tortor, non accumsan ipsum cursus et. Nullam nec eros et urna bibendum condimentum. Nulla tempus ullamcorper massa. Donec in ipsum vitae sapien pretium volutpat. Nulla facilisi. Mauris suscipit velit eget augue iaculis, in gravida augue luctus. Morbi eu vestibulum metus. Integer suscipit tempor ipsum, et gravida sem tempor vitae. Mauris dapibus, magna id vestibulum suscipit, lectus erat dapibus lectus, sit amet rhoncus lorem ligula eget leo. Suspendisse condimentum nec enim a bibendum. ', 'Mauris varius cursus metus, eu commodo ipsum laoreet quis. In justo justo, dignissim sit amet cursus ut, condimentum et sem. Proin ornare vel mauris non posuere. Quisque sed elit eget enim cursus ultrices eget nec ipsum. Nullam augue orci, pretium sit amet faucibus vel, venenatis id lectus. Sed tincidunt odio nec molestie eleifend. Nunc tincidunt est eu felis eleifend facilisis. Nam ornare arcu at nibh facilisis aliquam. Nunc ut tempus felis. Duis eu tortor at purus ullamcorper dictum. ', '2015-01-18 08:55:48', 1, NULL, NULL, 0),
(52, '740C v2', 45, '748.00', 'CD-CA-0052', 1, 'Maecenas vel enim lorem. Sed id leo ac mi accumsan tempor in sit amet ex. Ut quis augue ultricies, semper neque id, viverra purus. Fusce cursus vitae libero nec fermentum. Fusce hendrerit sit amet felis sed sodales. Nulla cursus ac metus nec hendrerit. Maecenas sollicitudin sodales nisi, sed dictum est gravida non. Sed consequat facilisis ligula, id rutrum neque vehicula ullamcorper. ', 'Nam imperdiet orci ac est bibendum euismod. Mauris at molestie felis. Praesent ornare, diam molestie interdum posuere, libero sem finibus nibh, imperdiet pharetra elit neque sit amet nulla. Quisque eleifend pellentesque tortor sit amet egestas. Nunc in facilisis augue. Maecenas facilisis, neque lacinia finibus scelerisque, arcu mi egestas enim, ultrices dignissim elit arcu eget tellus. Mauris lectus metus, rutrum id ipsum laoreet, aliquet gravida diam. Sed placerat erat vel urna laoreet, quis rutrum urna feugiat. Quisque eu scelerisque erat. ', '2003-02-25 18:55:14', 1, NULL, NULL, 0),
(53, '840C v2', 34, '478.00', 'CD-CA-0053', 1, 'Nam tellus metus, mollis ut ligula in, pulvinar auctor diam. Nulla suscipit quam a diam interdum, sed interdum orci egestas. Suspendisse rhoncus malesuada massa aliquam rhoncus. Proin sodales bibendum accumsan. Nullam lobortis finibus massa sit amet porttitor. Maecenas metus lectus, vehicula sed dui eu, rutrum varius urna. Proin venenatis nulla diam, in interdum mi viverra a. Morbi mattis vestibulum magna, id finibus erat condimentum sed. Donec quis dapibus enim. Quisque dapibus eget est elementum bibendum. Sed vestibulum nunc vitae augue condimentum, vel fermentum quam ultricies. Nullam lorem orci, pharetra in consequat eget, feugiat non risus. ', 'Cras et lectus at tellus blandit volutpat quis sed dui. Nulla auctor nisl et tellus facilisis aliquam. Vivamus placerat non nibh quis bibendum. Pellentesque habitant morbi tristique senectus et netus et malesuada fames ac turpis egestas. Praesent nulla felis, consequat nec orci a, venenatis pellentesque leo. Phasellus gravida porta nisl ut posuere. Etiam sed euismod arcu. Donec maximus arcu massa, a tempor felis aliquet euismod. Nam sit amet faucibus nisi. Nam elementum, risus vel gravida sodales, lacus quam porta risus, pharetra tristique sem turpis hendrerit eros. ', '0000-00-00 00:00:00', 1, NULL, NULL, 0),
(54, '8200A', 22, '415.00', 'CD-AU-0054', 1, 'Sed ac erat non nunc imperdiet tristique vel eget ipsum. Curabitur euismod odio et sagittis accumsan. Donec sed est malesuada, viverra lacus vehicula, gravida metus. Fusce in enim id ante cursus fermentum at tincidunt velit. Vestibulum ullamcorper lorem magna, at imperdiet ex porta at. Nam magna tortor, feugiat nec dolor eu, interdum placerat enim. Vestibulum ut euismod tortor. Sed dictum ipsum rhoncus quam ultrices, a fringilla ipsum imperdiet. ', 'Integer sit amet venenatis turpis, ac volutpat lectus. Ut at nunc libero. Aliquam gravida ipsum erat, non interdum tortor mattis id. Integer blandit tellus a malesuada porttitor. Duis non tempor sapien. Ut sed rutrum dolor. Morbi ac sagittis nisl. Donec ac lobortis ex. Nam eu metus congue tellus posuere lacinia. Aliquam erat volutpat. ', '2014-03-05 02:08:16', 1, NULL, NULL, 0),
(55, '8200CD', 21, '748.00', 'CD-AU-0055', 1, 'Suspendisse potenti. Sed fringilla est tristique, iaculis mauris in, molestie neque. Fusce laoreet elementum urna, ut volutpat odio posuere eu. Duis quam arcu, dignissim ut sodales et, tristique ut leo. In turpis dolor, tempus et urna at, mattis tempus libero. Sed aliquam, dui eu eleifend elementum, sem diam dictum libero, nec fermentum nunc metus quis leo. Vestibulum vehicula neque et placerat pharetra. In ante eros, placerat nec elit sit amet, cursus scelerisque magna. Sed sit amet congue sem. Sed erat justo, euismod vitae sodales venenatis, malesuada sit amet tortor. Cum sociis natoque penatibus et magnis dis parturient montes, nascetur ridiculus mus. Cras placerat porta purus. Nunc elementum ante quis risus cursus, lobortis molestie elit eleifend. Suspendisse potenti. ', 'In hac habitasse platea dictumst. Proin vel ex varius, faucibus nulla eu, egestas ante. Vestibulum ante ipsum primis in faucibus orci luctus et ultrices posuere cubilia Curae; Duis a massa ullamcorper, consectetur erat sit amet, interdum est. Mauris cursus neque lacinia, mollis sapien at, finibus nisl. Praesent efficitur dapibus justo, et sollicitudin mi rhoncus eu. Suspendisse luctus sem ac metus pulvinar, sit amet semper mauris faucibus. Curabitur faucibus augue non risus maximus, ac rhoncus dui ornare. Curabitur et tellus vitae odio luctus aliquet. Vivamus gravida aliquam magna a tempor. Mauris dapibus suscipit interdum. Donec vel diam libero. ', '2014-10-09 00:34:33', 1, NULL, NULL, 0),
(56, '8200CDQ', 24, '484.00', 'CD-AU-0056', 1, 'Suspendisse tincidunt in risus sit amet dictum. Nunc lorem nunc, mattis quis eleifend in, aliquam et augue. Cras quis est elit. Sed sit amet turpis fringilla, lacinia ipsum id, accumsan nunc. Donec ultrices sollicitudin rutrum. Cras convallis interdum mauris, quis suscipit mi volutpat et. Suspendisse nec sagittis lectus. Nulla luctus ante vel nibh feugiat posuere. Ut tempor risus sed leo consectetur, in eleifend purus malesuada. Nunc vulputate orci eget tellus dapibus condimentum ut accumsan mauris. ', 'Class aptent taciti sociosqu ad litora torquent per conubia nostra, per inceptos himenaeos. Morbi enim lorem, porta nec dapibus non, rhoncus a tellus. Nulla lacinia nec urna at luctus. Duis porttitor suscipit nibh sit amet mattis. Aliquam viverra egestas nunc at porta. Pellentesque habitant morbi tristique senectus et netus et malesuada fames ac turpis egestas. In odio odio, ultricies sit amet ultrices nec, ultrices et mi. Sed in dignissim lorem. Phasellus et faucibus lorem. Suspendisse sodales, est nec luctus tempus, justo urna porttitor dui, in laoreet justo augue sodales lectus. Fusce id dignissim leo. Ut hendrerit posuere sapien, at pharetra mauris iaculis ac. Phasellus elit risus, suscipit et rhoncus ut, dapibus eget sem. Mauris laoreet neque metus, a interdum tellus molestie in. Proin tincidunt molestie sem non vestibulum. Suspendisse luctus dolor non ornare ornare. ', '2002-10-16 15:54:24', 1, NULL, NULL, 0),
(57, '8200AP', 12, '478.00', 'CD-AU-0057', 1, 'Phasellus vitae lobortis lacus. Vestibulum non quam cursus, tincidunt eros ac, semper arcu. Fusce vehicula tempor pellentesque. Nunc pretium lorem vel lorem cursus lacinia. Donec faucibus vulputate ipsum id tincidunt. Duis felis nisi, scelerisque id efficitur ut, rhoncus et libero. Vivamus ut scelerisque arcu, vitae pellentesque leo. Integer aliquam fermentum felis non congue. Donec egestas enim sed justo tempus condimentum. ', 'Nam imperdiet orci ac est bibendum euismod. Mauris at molestie felis. Praesent ornare, diam molestie interdum posuere, libero sem finibus nibh, imperdiet pharetra elit neque sit amet nulla. Quisque eleifend pellentesque tortor sit amet egestas. Nunc in facilisis augue. Maecenas facilisis, neque lacinia finibus scelerisque, arcu mi egestas enim, ultrices dignissim elit arcu eget tellus. Mauris lectus metus, rutrum id ipsum laoreet, aliquet gravida diam. Sed placerat erat vel urna laoreet, quis rutrum urna feugiat. Quisque eu scelerisque erat. ', '2013-07-08 06:55:22', 1, NULL, NULL, 0),
(58, '8200M', 15, '458.00', 'CD-AU-0058', 1, 'Donec hendrerit ipsum arcu, at tincidunt mi egestas vel. Quisque feugiat justo eu nulla dictum, nec finibus urna tincidunt. Proin varius elit eu ex semper malesuada. Vestibulum risus erat, consequat a egestas tristique, blandit quis justo. Aliquam finibus convallis finibus. Nulla venenatis, mi et sodales porttitor, libero metus commodo magna, sit amet molestie diam eros et nisl. Suspendisse potenti. Nulla egestas lectus quis neque facilisis venenatis. Aliquam sit amet augue non sem interdum porttitor. Sed pharetra aliquam nibh et tempus. Donec eget sodales nisi. ', 'Praesent ligula elit, pretium tempus justo in, ultricies congue odio. Etiam mollis nulla tristique ligula varius commodo. Cras ut auctor diam. Proin ut lacus vel libero posuere scelerisque eu non dolor. Phasellus dignissim malesuada augue sed iaculis. Nulla consequat purus in posuere gravida. Donec nisi orci, lacinia nec augue ac, faucibus aliquet diam. ', '2006-02-22 19:08:25', 1, NULL, NULL, 0),
(59, '8200MB', 17, '478.00', 'CD-AU-0059', 1, 'Pellentesque porttitor libero vel faucibus euismod. Aenean vehicula tempor justo, ac aliquam diam commodo quis. Donec ut turpis urna. Morbi ut sollicitudin dolor, in porttitor leo. Etiam cursus accumsan tellus, a tincidunt nisl mollis ac. Vivamus accumsan ex at feugiat molestie. Cras pulvinar ex arcu, et dictum diam lacinia ut. Aenean ac justo sed magna suscipit suscipit a eget ex. Morbi ac elit et ipsum scelerisque aliquet nec non lorem. ', 'Nullam venenatis nibh sit amet rutrum posuere. Nunc cursus ultricies mi, et tristique elit rutrum eget. Donec quis justo ac augue tempus fermentum sed et dolor. Nunc tristique turpis a eros cursus tincidunt. Morbi pellentesque orci eu ante lacinia, at malesuada nisi semper. Nulla tempus felis orci, non feugiat mauris pellentesque eu. Etiam mattis est ac lectus tempus, eget eleifend erat congue. Donec facilisis dolor in elementum tincidunt. Donec sit amet diam quis nunc malesuada faucibus. Nullam non lorem purus. Phasellus malesuada, risus et tristique tristique, purus nisl posuere ligula, vitae ornare orci ante eu nisl. Etiam sodales ipsum elit, in volutpat dolor facilisis quis. ', '2012-10-18 23:01:02', 1, NULL, NULL, 0),
(60, '8200P', 18, '485.00', 'CD-AU-0060', 1, 'Vestibulum ante ipsum primis in faucibus orci luctus et ultrices posuere cubilia Curae; Sed non fringilla nisi, vel pharetra mauris. Ut ut turpis condimentum, luctus tortor aliquet, tincidunt orci. Nullam fermentum quam ut est dapibus, vitae tincidunt turpis viverra. Aliquam ultrices, enim eget iaculis iaculis, ipsum arcu faucibus elit, et eleifend nunc augue quis sem. Vestibulum sapien libero, tempus in rhoncus ullamcorper, rutrum at ante. Etiam vehicula purus non tortor consequat, sed viverra lectus pellentesque. Donec magna felis, condimentum sit amet feugiat vel, malesuada non velit. Fusce a nulla non justo fringilla finibus. Mauris iaculis bibendum sem, vitae eleifend mauris. Morbi ut neque dignissim, malesuada augue vitae, pharetra nibh. Vestibulum aliquam urna tempor nibh venenatis sodales. Aenean lobortis volutpat vestibulum. Vivamus malesuada nunc nulla, in condimentum lorem tempor eget. ', 'Nullam eu vehicula justo, sed placerat enim. Nunc dolor ante, pretium consequat feugiat sit amet, varius dapibus justo. Curabitur at nibh vitae odio tempus volutpat. Aenean sit amet leo ac est venenatis dapibus non ac nisi. Pellentesque ex nisl, gravida sed bibendum quis, fermentum eget neque. Vivamus sagittis tristique bibendum. Nulla ultrices quis tortor nec efficitur. Lorem ipsum dolor sit amet, consectetur adipiscing elit. Proin consequat libero nec congue pellentesque. Vivamus tincidunt fringilla ligula placerat dignissim. Fusce nibh dolor, feugiat posuere eros sed, gravida malesuada quam. Etiam nec mollis nulla. Ut auctor commodo ligula, sit amet pulvinar ligula posuere eu. Vestibulum in augue elementum, imperdiet lacus ut, interdum elit. Maecenas vestibulum leo molestie, mollis arcu sit amet, consectetur nulla. Suspendisse nec tempus risus, non fermentum diam. ', '2009-01-26 14:15:35', 1, NULL, NULL, 0),
(61, 'C-5VL', 19, '418.00', 'CD-ON-0061', 1, 'Nullam eu vehicula justo, sed placerat enim. Nunc dolor ante, pretium consequat feugiat sit amet, varius dapibus justo. Curabitur at nibh vitae odio tempus volutpat. Aenean sit amet leo ac est venenatis dapibus non ac nisi. Pellentesque ex nisl, gravida sed bibendum quis, fermentum eget neque. Vivamus sagittis tristique bibendum. Nulla ultrices quis tortor nec efficitur. Lorem ipsum dolor sit amet, consectetur adipiscing elit. Proin consequat libero nec congue pellentesque. Vivamus tincidunt fringilla ligula placerat dignissim. Fusce nibh dolor, feugiat posuere eros sed, gravida malesuada quam. Etiam nec mollis nulla. Ut auctor commodo ligula, sit amet pulvinar ligula posuere eu. Vestibulum in augue elementum, imperdiet lacus ut, interdum elit. Maecenas vestibulum leo molestie, mollis arcu sit amet, consectetur nulla. Suspendisse nec tempus risus, non fermentum diam. ', 'Phasellus maximus eros sed elit placerat dignissim. Praesent feugiat mi nec tortor convallis porttitor. Nunc justo diam, pretium in placerat at, lacinia a massa. In libero leo, lacinia at condimentum et, auctor pulvinar ligula. Phasellus vitae elit non tellus blandit mollis. Nulla sed lorem ac tortor interdum tempus. Donec sodales vehicula posuere. Vivamus at urna in nunc sodales interdum eu id massa. ', '2006-01-10 22:00:33', 1, NULL, NULL, 0),
(62, 'C-7000R', 20, '477.00', 'CD-ON-0062', 1, 'Cras et lectus at tellus blandit volutpat quis sed dui. Nulla auctor nisl et tellus facilisis aliquam. Vivamus placerat non nibh quis bibendum. Pellentesque habitant morbi tristique senectus et netus et malesuada fames ac turpis egestas. Praesent nulla felis, consequat nec orci a, venenatis pellentesque leo. Phasellus gravida porta nisl ut posuere. Etiam sed euismod arcu. Donec maximus arcu massa, a tempor felis aliquet euismod. Nam sit amet faucibus nisi. Nam elementum, risus vel gravida sodales, lacus quam porta risus, pharetra tristique sem turpis hendrerit eros. ', 'Praesent tellus augue, sodales id ante nec, porta maximus felis. Vestibulum purus leo, egestas eget lacus quis, scelerisque accumsan nisi. Donec tristique at ex hendrerit sodales. Integer sed sodales diam, vel pretium elit. Nam ullamcorper urna vitae risus tincidunt, tristique blandit metus convallis. Nunc nec dictum purus. Suspendisse auctor rutrum augue, et imperdiet augue luctus sit amet. Aenean pellentesque odio arcu, et varius lacus maximus sed. ', '2001-10-19 15:08:42', 1, NULL, NULL, 0),
(63, 'C-7030', 19, '487.00', 'CD-ON-0063', 1, 'Mauris scelerisque tempor faucibus. Duis sit amet ultricies neque. Donec ut enim accumsan, vehicula lacus in, dapibus magna. Ut elit enim, porttitor in risus eget, eleifend commodo erat. Vivamus pharetra bibendum sem, pharetra semper urna ultrices quis. Integer tempus vestibulum lectus, eget finibus est ornare eget. Curabitur eu nunc id dolor tincidunt egestas vel ac purus. Ut sit amet diam ex. Etiam pretium leo et lectus gravida, sit amet posuere ligula blandit. ', 'Pellentesque sit amet convallis mauris, at commodo nibh. Pellentesque ut leo convallis, semper metus non, feugiat velit. Nullam molestie ultrices rutrum. Mauris ullamcorper lectus vitae sapien ultricies lacinia. Integer vel mi convallis massa viverra condimentum nec non dolor. Proin cursus velit nec ante varius blandit. Praesent ullamcorper nibh metus. Maecenas congue dolor eu dolor condimentum, in ornare velit interdum. Ut dui lacus, egestas vitae metus eu, facilisis fringilla velit. Praesent et justo tortor. Etiam in turpis arcu. Etiam semper, lectus vel bibendum blandit, enim diam ornare erat, eget ultrices lectus quam in turpis. Nulla consectetur tortor quis urna faucibus, ac laoreet ligula facilisis. In eu justo in ipsum consectetur dignissim sed in est. Nam tristique, mauris nec scelerisque tristique, lorem neque porta justo, a egestas nulla purus in augue. Pellentesque ut quam nec enim vehicula facilisis in sed ex. ', '2013-05-23 10:31:28', 1, NULL, NULL, 0),
(64, 'C-7070', 23, '478.00', 'CD-ON-0064', 1, 'Lorem ipsum dolor sit amet, consectetur adipiscing elit. Aliquam cursus interdum velit, vitae consequat justo facilisis in. Praesent rhoncus, nisl ac dictum consequat, ex enim consequat nisi, ut commodo velit dolor vel ante. Quisque tortor ipsum, tempus et justo sit amet, laoreet interdum metus. Etiam malesuada, mi nec vehicula vehicula, nulla lectus porttitor magna, sit amet elementum leo nunc eget nulla. Sed sollicitudin justo ut risus laoreet viverra. In malesuada, libero eu faucibus convallis, eros sapien commodo nisi, eget faucibus velit turpis in justo. Nulla ultrices sit amet massa vel varius. Pellentesque nibh metus, mattis in nibh in, convallis tristique eros. Maecenas eleifend rutrum mauris vel elementum. ', 'Phasellus fermentum faucibus aliquam. Integer eget augue et neque iaculis blandit id ac orci. Vestibulum eleifend enim auctor nunc vestibulum feugiat eu ultricies lacus. Ut purus velit, lobortis eget ante et, imperdiet eleifend justo. Etiam consectetur massa eget nisl iaculis dignissim. Suspendisse tempor dapibus dolor, ut viverra massa placerat at. Mauris cursus neque eget quam sagittis, sed volutpat velit molestie. Pellentesque dui mauris, commodo lobortis sapien vitae, pharetra tempus mauris. Cras mollis ullamcorper eleifend. Cras mollis luctus faucibus. Vestibulum iaculis ultricies leo ut ultricies. Fusce et sapien sit amet lacus scelerisque elementum quis nec odio. Curabitur dignissim, est vitae molestie pharetra, nisl lacus aliquet erat, vitae pretium tellus dui eu mauris. ', '2012-03-05 22:13:03', 1, NULL, NULL, 0),
(65, 'C-733', 29, '458.00', 'CD-ON-0065', 1, 'Nam quis mauris dapibus diam suscipit viverra. Integer a felis eu lectus dictum mattis. Mauris vel congue velit, vitae mattis tellus. Mauris eu scelerisque metus. Sed pellentesque augue pretium, egestas leo non, rutrum mi. Vivamus volutpat, arcu a porta bibendum, ante magna cursus velit, in rutrum lacus leo quis tortor. Curabitur quis vestibulum massa, non consequat neque. Aenean sed ullamcorper elit, vel commodo tortor. Etiam aliquet justo lacus, in porta lorem eleifend id. Aliquam id leo pharetra, porta nibh eget, blandit augue. ', 'Nam tellus metus, mollis ut ligula in, pulvinar auctor diam. Nulla suscipit quam a diam interdum, sed interdum orci egestas. Suspendisse rhoncus malesuada massa aliquam rhoncus. Proin sodales bibendum accumsan. Nullam lobortis finibus massa sit amet porttitor. Maecenas metus lectus, vehicula sed dui eu, rutrum varius urna. Proin venenatis nulla diam, in interdum mi viverra a. Morbi mattis vestibulum magna, id finibus erat condimentum sed. Donec quis dapibus enim. Quisque dapibus eget est elementum bibendum. Sed vestibulum nunc vitae augue condimentum, vel fermentum quam ultricies. Nullam lorem orci, pharetra in consequat eget, feugiat non risus. ', '2012-04-26 05:45:48', 1, NULL, NULL, 0),
(66, 'C-55VL', 30, '158.00', 'CD-ON-0066', 1, 'Suspendisse potenti. Sed fringilla est tristique, iaculis mauris in, molestie neque. Fusce laoreet elementum urna, ut volutpat odio posuere eu. Duis quam arcu, dignissim ut sodales et, tristique ut leo. In turpis dolor, tempus et urna at, mattis tempus libero. Sed aliquam, dui eu eleifend elementum, sem diam dictum libero, nec fermentum nunc metus quis leo. Vestibulum vehicula neque et placerat pharetra. In ante eros, placerat nec elit sit amet, cursus scelerisque magna. Sed sit amet congue sem. Sed erat justo, euismod vitae sodales venenatis, malesuada sit amet tortor. Cum sociis natoque penatibus et magnis dis parturient montes, nascetur ridiculus mus. Cras placerat porta purus. Nunc elementum ante quis risus cursus, lobortis molestie elit eleifend. Suspendisse potenti. ', 'Nam tellus metus, mollis ut ligula in, pulvinar auctor diam. Nulla suscipit quam a diam interdum, sed interdum orci egestas. Suspendisse rhoncus malesuada massa aliquam rhoncus. Proin sodales bibendum accumsan. Nullam lobortis finibus massa sit amet porttitor. Maecenas metus lectus, vehicula sed dui eu, rutrum varius urna. Proin venenatis nulla diam, in interdum mi viverra a. Morbi mattis vestibulum magna, id finibus erat condimentum sed. Donec quis dapibus enim. Quisque dapibus eget est elementum bibendum. Sed vestibulum nunc vitae augue condimentum, vel fermentum quam ultricies. Nullam lorem orci, pharetra in consequat eget, feugiat non risus. ', '2001-07-04 23:23:24', 1, NULL, NULL, 0);

-- --------------------------------------------------------

--
-- Table structure for table `reviews`
--

CREATE TABLE IF NOT EXISTS `reviews` (
  `id` int(11) NOT NULL,
  `user` int(11) NOT NULL,
  `product` int(11) NOT NULL,
  `grade` int(11) NOT NULL,
  `review` text
) ENGINE=InnoDB AUTO_INCREMENT=201 DEFAULT CHARSET=utf8;

--
-- Dumping data for table `reviews`
--

INSERT INTO `reviews` (`id`, `user`, `product`, `grade`, `review`) VALUES
(1, 1, 31, 3, 'Sed aliquet erat turpis, non efficitur felis tristique a. Sed eu purus cursus mi vehicula iaculis nec vel arcu. Nullam semper eu tortor eget varius. Nulla nisi ipsum, rutrum a lacus vel, euismod condimentum velit. Praesent egestas mi ut vestibulum malesuada. Mauris a ex sit amet dolor malesuada accumsan. Integer vel ipsum fringilla, fringilla libero vitae, mollis tellus. Phasellus non facilisis mi. '),
(2, 2, 35, 5, 'Sed tincidunt eros nulla. Nullam imperdiet arcu ligula, non eleifend libero porttitor ac. Quisque non velit a elit scelerisque elementum vitae at tortor. Nullam condimentum facilisis ipsum et porta. Pellentesque ut massa et ex iaculis facilisis vel eget libero. Donec eget commodo est. Mauris quis pulvinar ex, vitae ultricies augue. Nullam euismod porta justo sit amet finibus. Fusce risus magna, vehicula ut nisl in, ullamcorper aliquet justo. In dapibus consectetur nibh, non maximus tellus bibendum sed. '),
(3, 3, 30, 4, 'Phasellus tincidunt malesuada accumsan. Praesent turpis erat, sodales quis nisi vitae, scelerisque mollis purus. Phasellus vehicula dui dapibus, porttitor erat vitae, porta augue. Aliquam sed vulputate purus. Cras non ipsum orci. Pellentesque a odio dui. Pellentesque felis justo, volutpat non ligula ut, ultricies ullamcorper lorem. Donec aliquam odio in ullamcorper convallis. Suspendisse massa magna, semper quis ex id, faucibus viverra risus. Maecenas nec velit erat. Proin nec augue lorem. Cras dapibus purus non vehicula varius. Fusce arcu eros, tristique a ex vel, vehicula tempor mauris. Nulla in massa lacus. '),
(4, 1, 30, 5, 'Vivamus lectus risus, elementum ut urna id, lobortis malesuada mauris. Curabitur vitae semper turpis. Nam egestas at sem quis facilisis. Phasellus sollicitudin, lectus at posuere rhoncus, est nisl faucibus nunc, et commodo turpis metus quis sem. Interdum et malesuada fames ac ante ipsum primis in faucibus. Donec viverra eu libero eu hendrerit. In auctor, enim a congue efficitur, lorem nulla porttitor ante, sit amet venenatis ante felis sit amet enim. Aliquam in turpis eu lacus auctor dapibus a a velit. Pellentesque elit augue, eleifend at volutpat eu, sollicitudin vitae nisl. Vestibulum nec hendrerit justo. Phasellus tortor magna, cursus sed cursus vitae, sollicitudin ac magna. Vestibulum egestas, nisi eget mollis aliquet, massa arcu semper eros, vitae pulvinar massa velit nec mi. Fusce elementum enim at accumsan vulputate. Vivamus in leo urna. Aenean cursus venenatis rhoncus. '),
(5, 2, 17, 4, 'Vivamus sollicitudin mattis enim, at porta nulla pharetra sagittis. Proin vel dui ac mauris pharetra aliquet. Maecenas vel quam commodo, aliquet ex vel, condimentum ligula. Vivamus pharetra leo nisi, eu faucibus felis egestas sit amet. Praesent risus tortor, hendrerit sed felis et, fringilla viverra nisi. Nam felis urna, aliquet sed dictum in, faucibus id lectus. Etiam tempus eros ultrices risus facilisis efficitur. Sed ornare aliquet justo, vel ullamcorper lectus molestie eu. Nunc suscipit in mi ut cursus. Nullam hendrerit tincidunt cursus. '),
(6, 2, 4, 5, 'Vivamus justo ligula, consectetur vitae ultrices vitae, scelerisque id velit. Proin ullamcorper efficitur sapien non laoreet. Suspendisse aliquam justo sed nisi tincidunt elementum. Donec nec mattis nisi. Ut a pellentesque ipsum. In pharetra varius dolor, molestie tempus urna faucibus id. Nulla facilisis leo sit amet nulla elementum faucibus. Aenean vel est nisl. Duis ornare, metus in ornare consectetur, ex eros bibendum erat, quis dictum justo justo a urna. Aliquam aliquam nisl enim, at lacinia sapien elementum ut. Duis ultrices malesuada lectus vitae sollicitudin. Cum sociis natoque penatibus et magnis dis parturient montes, nascetur ridiculus mus. Aliquam tempor, nulla nec finibus aliquam, libero ex molestie justo, quis gravida tellus nibh quis ante. Aliquam massa nibh, vestibulum vel sollicitudin in, imperdiet quis ligula. Morbi bibendum rutrum dolor a sodales. Sed convallis ipsum sapien, vel pretium metus iaculis a. '),
(7, 1, 40, 1, 'Curabitur at hendrerit nisi, imperdiet porttitor lectus. Integer interdum, ex non convallis elementum, ligula dolor porta sapien, quis maximus nisl turpis eu ante. Mauris quis velit sit amet tortor ultricies tincidunt vel a erat. Nam non erat sed ex volutpat rutrum. In id risus ut eros ultricies accumsan. Ut ante urna, accumsan in volutpat eu, semper eget odio. Quisque nisi lacus, aliquam in suscipit ac, venenatis non metus. Suspendisse potenti. Nam sodales vehicula arcu, in elementum elit. Sed vulputate a urna in malesuada. Nunc ac porttitor diam. Sed ut justo non purus placerat aliquam nec sit amet velit. Aenean facilisis dolor metus, ut tincidunt velit varius at. In et pulvinar eros, sit amet bibendum leo. Pellentesque ullamcorper viverra vulputate. '),
(8, 2, 6, 5, 'Donec vel odio nisl. Phasellus nunc nisi, luctus ac nibh at, rutrum vehicula justo. In hac habitasse platea dictumst. Ut sollicitudin lacus eget ligula venenatis, id sagittis felis tristique. Integer eget diam consequat, semper tellus et, rutrum libero. In non neque quis erat luctus maximus. Fusce fermentum lectus velit, sed auctor ante tempus vel. Suspendisse id purus congue, feugiat nulla quis, malesuada enim. Morbi feugiat, sapien vitae sodales iaculis, erat dui feugiat risus, et dapibus erat nisi sit amet ante. Duis ex purus, viverra ac eleifend eget, pretium eu arcu. Donec cursus, velit id varius ullamcorper, justo est dapibus neque, nec auctor orci velit ac tellus. Vestibulum sit amet leo id lectus bibendum euismod id vitae arcu. Cras interdum lobortis ligula, at auctor leo varius ut. Nulla ante velit, sodales at dignissim placerat, mattis ac purus. '),
(9, 3, 17, 4, 'Praesent lobortis ipsum in leo tincidunt facilisis. Vivamus dignissim sapien augue, id blandit ante aliquam et. Integer varius tincidunt dolor quis vehicula. Fusce vel elit scelerisque, sollicitudin odio in, vulputate est. Sed nisi lectus, consectetur eget condimentum vitae, volutpat in justo. Praesent viverra tempor mattis. Ut quis lectus eu dui volutpat vestibulum non vel lacus. Donec eleifend lacinia orci, ut pulvinar mauris viverra tincidunt. Praesent condimentum sodales est. Fusce tristique molestie sapien, non convallis enim lacinia id. Curabitur vitae est vitae nibh blandit ultrices. '),
(10, 2, 20, 3, 'Quisque iaculis nisl in justo molestie feugiat. Morbi convallis purus at hendrerit dapibus. Curabitur consequat viverra est id condimentum. Proin non neque nec turpis tempor porttitor ac et elit. Morbi faucibus sagittis leo vitae ultricies. Ut tristique pulvinar mattis. Integer dignissim orci nisi. Curabitur eget orci varius felis scelerisque sollicitudin id non mauris. '),
(11, 3, 64, 2, 'Praesent lobortis ipsum in leo tincidunt facilisis. Vivamus dignissim sapien augue, id blandit ante aliquam et. Integer varius tincidunt dolor quis vehicula. Fusce vel elit scelerisque, sollicitudin odio in, vulputate est. Sed nisi lectus, consectetur eget condimentum vitae, volutpat in justo. Praesent viverra tempor mattis. Ut quis lectus eu dui volutpat vestibulum non vel lacus. Donec eleifend lacinia orci, ut pulvinar mauris viverra tincidunt. Praesent condimentum sodales est. Fusce tristique molestie sapien, non convallis enim lacinia id. Curabitur vitae est vitae nibh blandit ultrices. '),
(12, 2, 30, 2, 'Aenean massa lectus, elementum sed diam non, cursus finibus nisi. In ultricies fermentum tempor. Praesent vulputate elit eu sapien eleifend bibendum. Quisque iaculis leo ac tellus rutrum, in blandit lorem sodales. Aenean accumsan condimentum nibh, a euismod dui efficitur a. Integer diam ligula, mollis vel enim non, blandit suscipit velit. Maecenas bibendum dui arcu, non scelerisque eros tincidunt et. Nam molestie est sed malesuada pellentesque. '),
(13, 1, 32, 4, 'Cras scelerisque id orci at lacinia. Fusce in vulputate diam. Etiam egestas vehicula dapibus. Quisque sit amet imperdiet sapien. Curabitur placerat dapibus erat, at ultrices augue condimentum a. Vivamus aliquet sapien sit amet varius dignissim. Nullam at commodo felis. Phasellus eu elit hendrerit, pulvinar purus id, dignissim orci. Nunc id ligula ligula. Mauris sed varius nibh. Sed sed auctor lacus. '),
(14, 3, 18, 2, 'Ut malesuada dapibus massa, et euismod nulla condimentum nec. Nulla lacinia ac erat at posuere. Nunc placerat feugiat ante quis sollicitudin. Maecenas sodales, tortor a auctor imperdiet, odio metus sollicitudin justo, sed interdum nibh diam et odio. Fusce pulvinar magna nec sagittis varius. In viverra convallis nisi a convallis. Maecenas sed velit pharetra, imperdiet ex vitae, porta tortor. Aliquam non nibh nisl. Vivamus sed vestibulum urna. Vestibulum ornare, erat a luctus ullamcorper, velit lectus rhoncus mauris, nec posuere eros velit eu urna. Integer vel velit id lacus aliquam rutrum et et nunc. Curabitur mattis sem fringilla, rhoncus enim eu, volutpat libero. Curabitur rhoncus sollicitudin lectus, a ornare felis consequat nec. Sed ac orci quam. Suspendisse pretium fringilla justo a pulvinar. '),
(15, 3, 37, 2, 'Morbi eu auctor mauris, nec aliquam odio. Mauris vehicula vehicula nisi, quis aliquam diam porttitor in. Donec at tellus finibus, accumsan eros ut, convallis velit. Aliquam quis hendrerit ligula. Aliquam erat volutpat. Etiam ut semper orci, ac tristique ex. Sed sodales dui ac odio dignissim, in pellentesque est cursus. Sed ut consequat justo, ut viverra ex. Phasellus pulvinar ligula eget fermentum malesuada. Suspendisse dapibus justo eu pharetra mollis. Nulla facilisi. Vestibulum ante ipsum primis in faucibus orci luctus et ultrices posuere cubilia Curae; Donec porttitor sapien vitae mauris euismod commodo. '),
(16, 3, 35, 5, 'Interdum et malesuada fames ac ante ipsum primis in faucibus. Aenean iaculis turpis eleifend sodales imperdiet. Mauris a magna turpis. Mauris elementum ipsum non mauris aliquet eleifend. Donec diam justo, mollis vel pellentesque non, aliquet vitae leo. Ut bibendum elit id elementum tincidunt. Praesent condimentum malesuada nibh, et mattis felis feugiat vel. Quisque non lectus ut dolor dictum ullamcorper in vitae velit. Nulla finibus turpis ac nisl laoreet vehicula. '),
(17, 3, 61, 2, 'Quisque eu neque tincidunt, mattis dui eu, pretium lorem. Cum sociis natoque penatibus et magnis dis parturient montes, nascetur ridiculus mus. Nunc nec arcu consectetur, lacinia justo ut, congue lacus. Nullam quis ante ullamcorper, ullamcorper sapien aliquam, posuere elit. Sed scelerisque elit vel ante malesuada luctus. Integer arcu ipsum, varius eu ex sed, cursus posuere ipsum. Donec ornare erat nisi, vel venenatis ipsum vulputate at. '),
(18, 3, 64, 2, 'Donec molestie ultricies felis nec iaculis. Cras eu lobortis mi. In hac habitasse platea dictumst. Morbi in nunc mi. Cras posuere ac turpis in auctor. Maecenas nec tortor arcu. Cras vel blandit mi. Cras fringilla tristique ullamcorper. Ut egestas ante quis viverra facilisis. Sed rhoncus magna mollis nisl tincidunt ornare. Integer id eros et nisi fermentum molestie pretium et sapien. Proin at sagittis sapien. Cras aliquam quam arcu, vitae ornare felis rhoncus eget. Aenean pharetra sagittis nibh nec sagittis. Morbi rhoncus eleifend lacus non tempor. Curabitur at tristique turpis, ut mattis nisi. '),
(19, 2, 24, 2, 'Donec molestie ultricies felis nec iaculis. Cras eu lobortis mi. In hac habitasse platea dictumst. Morbi in nunc mi. Cras posuere ac turpis in auctor. Maecenas nec tortor arcu. Cras vel blandit mi. Cras fringilla tristique ullamcorper. Ut egestas ante quis viverra facilisis. Sed rhoncus magna mollis nisl tincidunt ornare. Integer id eros et nisi fermentum molestie pretium et sapien. Proin at sagittis sapien. Cras aliquam quam arcu, vitae ornare felis rhoncus eget. Aenean pharetra sagittis nibh nec sagittis. Morbi rhoncus eleifend lacus non tempor. Curabitur at tristique turpis, ut mattis nisi. '),
(20, 3, 22, 1, 'Ut congue at lectus eget congue. Ut et porta quam. Proin pretium pretium nulla. Aliquam varius eu sem a malesuada. In interdum placerat luctus. Phasellus libero lorem, venenatis ut molestie eget, cursus in odio. Morbi laoreet augue hendrerit tristique ultricies. Nullam nec sagittis urna. Sed tincidunt, magna quis ultrices congue, ex sapien feugiat enim, eu rhoncus mauris nulla eget nisi. Donec cursus, orci sit amet malesuada imperdiet, dolor ex vestibulum nisi, at rutrum leo augue nec dui. Proin a interdum neque. Nam ac dictum ipsum, sit amet molestie nulla. '),
(21, 2, 39, 5, 'Vivamus in ex sed nisi porta mollis id luctus nulla. Curabitur elit dolor, maximus vel malesuada at, elementum ut leo. Maecenas nisl velit, hendrerit ac lorem nec, pulvinar luctus nisi. Curabitur sit amet lectus varius, placerat purus eu, laoreet nunc. Class aptent taciti sociosqu ad litora torquent per conubia nostra, per inceptos himenaeos. Aenean tellus velit, euismod sed lectus eget, tempus congue dolor. Phasellus rhoncus felis ut ipsum facilisis efficitur. '),
(22, 2, 24, 5, 'Etiam maximus molestie urna, id lobortis leo vulputate non. Maecenas fringilla metus nibh, in vehicula lectus aliquet sit amet. Pellentesque tristique mollis orci. Aliquam gravida sodales tellus, quis tristique nisi scelerisque sit amet. Phasellus auctor tristique lorem ultricies placerat. Donec egestas ac enim vel vestibulum. Morbi cursus tempus urna in malesuada. Sed mollis euismod turpis, ac fringilla risus laoreet at. Vivamus imperdiet accumsan tincidunt. Nunc feugiat ipsum ut congue elementum. '),
(23, 2, 25, 1, 'Aliquam congue tempor sem vitae rhoncus. Morbi laoreet augue quis massa venenatis, eget congue risus posuere. Curabitur euismod sem eu commodo rhoncus. Etiam sit amet eleifend lorem, et luctus elit. Integer vestibulum, ligula condimentum convallis tincidunt, libero dolor vestibulum ex, quis aliquet metus erat sit amet ligula. Nulla nibh tellus, eleifend sed rhoncus vitae, pharetra et odio. Nullam eu ligula eros. Etiam molestie diam arcu, quis imperdiet urna interdum a. Suspendisse lobortis pulvinar augue placerat pharetra. Donec ut eros laoreet, sollicitudin ex ac, vehicula nisi. Fusce sodales, eros nec auctor lacinia, arcu diam pharetra mauris, et vehicula ex lectus ut ex. Aliquam ornare turpis sit amet orci blandit, ac egestas libero posuere. Vivamus vestibulum turpis non vestibulum egestas. Praesent a pulvinar nibh. Proin accumsan mauris vitae mauris rhoncus feugiat. '),
(24, 2, 56, 3, 'Curabitur at hendrerit nisi, imperdiet porttitor lectus. Integer interdum, ex non convallis elementum, ligula dolor porta sapien, quis maximus nisl turpis eu ante. Mauris quis velit sit amet tortor ultricies tincidunt vel a erat. Nam non erat sed ex volutpat rutrum. In id risus ut eros ultricies accumsan. Ut ante urna, accumsan in volutpat eu, semper eget odio. Quisque nisi lacus, aliquam in suscipit ac, venenatis non metus. Suspendisse potenti. Nam sodales vehicula arcu, in elementum elit. Sed vulputate a urna in malesuada. Nunc ac porttitor diam. Sed ut justo non purus placerat aliquam nec sit amet velit. Aenean facilisis dolor metus, ut tincidunt velit varius at. In et pulvinar eros, sit amet bibendum leo. Pellentesque ullamcorper viverra vulputate. '),
(25, 1, 31, 2, 'Etiam maximus molestie urna, id lobortis leo vulputate non. Maecenas fringilla metus nibh, in vehicula lectus aliquet sit amet. Pellentesque tristique mollis orci. Aliquam gravida sodales tellus, quis tristique nisi scelerisque sit amet. Phasellus auctor tristique lorem ultricies placerat. Donec egestas ac enim vel vestibulum. Morbi cursus tempus urna in malesuada. Sed mollis euismod turpis, ac fringilla risus laoreet at. Vivamus imperdiet accumsan tincidunt. Nunc feugiat ipsum ut congue elementum. '),
(26, 3, 33, 4, 'Morbi sodales eleifend ligula hendrerit dignissim. Mauris iaculis sollicitudin tincidunt. Nunc tempor semper quam vitae luctus. Nunc eu porttitor odio, non sodales nibh. In hac habitasse platea dictumst. Nunc et facilisis nunc, ac pharetra est. Aliquam ultrices iaculis faucibus. Nam egestas iaculis feugiat. Maecenas tempor maximus metus. Duis rutrum lacus ligula. Cras eu nulla eros. Aenean sit amet suscipit tortor. Nullam et lobortis lacus, sed venenatis odio. Suspendisse id enim in eros facilisis dignissim sed quis dolor. Aliquam lectus nisl, vehicula vel fermentum non, sagittis eu lacus. '),
(27, 2, 41, 4, 'Praesent vel libero non tellus egestas ultrices vel ut felis. Nam ullamcorper enim enim, nec viverra ex hendrerit vitae. Aliquam tristique in neque ac placerat. Pellentesque habitant morbi tristique senectus et netus et malesuada fames ac turpis egestas. Nullam pharetra at arcu ultricies condimentum. Proin erat tortor, luctus vitae ex sed, rhoncus pulvinar urna. Fusce sed nunc nec odio consectetur feugiat. Nam maximus velit at rutrum molestie. In hac habitasse platea dictumst. Nunc nec aliquet turpis. '),
(28, 3, 5, 1, 'Pellentesque iaculis elit eget urna ornare ultrices. Morbi et dignissim lacus. Sed sodales velit libero, luctus mollis nisi dignissim eget. Praesent iaculis nec erat sed congue. Maecenas convallis ligula justo, in placerat risus mattis sed. Aenean iaculis pellentesque est sed tempor. Aenean et viverra risus. Curabitur viverra turpis felis, molestie gravida libero ullamcorper ac. Aliquam erat volutpat. Sed blandit condimentum orci in iaculis. '),
(29, 1, 38, 4, 'Cras cursus tincidunt augue, ultricies ultrices metus pharetra non. Quisque tincidunt in quam a finibus. Etiam elit dolor, bibendum ac tempor id, sagittis sit amet magna. Suspendisse quis arcu vitae arcu porttitor rhoncus. Etiam ut sem sed mauris tincidunt dignissim sed in tortor. Proin consequat euismod metus, non tincidunt neque pulvinar quis. Integer cursus gravida rutrum. Donec quis lorem sollicitudin, imperdiet erat ut, laoreet mauris. Aliquam non imperdiet lectus. Suspendisse eget nisl auctor, egestas mauris nec, varius sem. Aenean ac mauris sed eros rhoncus aliquet. Nam laoreet auctor magna, nec facilisis neque convallis a. Ut aliquam tortor lectus, sed placerat nunc suscipit tempus. Curabitur volutpat, ipsum in finibus fringilla, quam tellus elementum arcu, sit amet condimentum ante felis non massa. '),
(30, 2, 22, 4, 'Duis feugiat neque eu mattis vestibulum. Nullam ac bibendum enim. Sed eget enim sed diam sollicitudin varius. Nunc malesuada nibh eu nulla sagittis, quis bibendum est sollicitudin. Fusce sodales ultrices suscipit. Nulla facilisi. Donec eu leo tellus. Duis sed erat erat. Cras luctus ligula et leo lacinia suscipit sit amet ornare arcu. Etiam aliquet dictum ipsum, nec bibendum tellus maximus id. In id risus ut erat laoreet varius. Cras vitae iaculis odio. '),
(31, 2, 6, 1, 'In maximus tincidunt dapibus. Curabitur et tellus sit amet nibh ornare aliquet. Etiam augue libero, posuere a lorem in, bibendum molestie dui. Vestibulum non consectetur quam. Donec ut dignissim dui. Vestibulum ultrices, libero vel pretium consectetur, quam nisl ultrices sapien, at lobortis nisi nisl vel enim. Nunc scelerisque tortor ac arcu venenatis eleifend. Curabitur in ex sit amet nisi gravida congue. Proin id ex laoreet, sollicitudin est in, posuere ipsum. Etiam hendrerit felis vel porta ultrices. Integer iaculis enim vitae libero semper, eu luctus quam semper. '),
(32, 2, 2, 2, 'Lorem ipsum dolor sit amet, consectetur adipiscing elit. Phasellus non dignissim tortor. Pellentesque lacus libero, porta id tortor eu, sollicitudin accumsan metus. Integer nec orci ut velit efficitur suscipit non in orci. Morbi justo orci, vulputate ut tempus vel, tincidunt sed turpis. Fusce ultricies elit neque, ut pulvinar lorem ultrices vitae. Praesent luctus turpis nec tincidunt lobortis. Nam a velit tortor. Maecenas sed eleifend purus, at porta quam. '),
(33, 1, 59, 4, 'Phasellus tincidunt malesuada accumsan. Praesent turpis erat, sodales quis nisi vitae, scelerisque mollis purus. Phasellus vehicula dui dapibus, porttitor erat vitae, porta augue. Aliquam sed vulputate purus. Cras non ipsum orci. Pellentesque a odio dui. Pellentesque felis justo, volutpat non ligula ut, ultricies ullamcorper lorem. Donec aliquam odio in ullamcorper convallis. Suspendisse massa magna, semper quis ex id, faucibus viverra risus. Maecenas nec velit erat. Proin nec augue lorem. Cras dapibus purus non vehicula varius. Fusce arcu eros, tristique a ex vel, vehicula tempor mauris. Nulla in massa lacus. '),
(34, 3, 59, 2, 'Nullam vulputate sed ipsum vel mattis. Aliquam erat volutpat. Duis eu vulputate dui. Proin nec lacus non ante maximus lacinia. Integer interdum pretium libero, ac bibendum mauris varius consequat. Nullam at ante a tortor tempus feugiat. Suspendisse tortor felis, mattis et gravida id, condimentum ac dolor. Duis eu lectus suscipit, congue ligula eu, rutrum nunc. Vivamus sit amet ligula volutpat, rutrum mauris eget, pulvinar libero. Aenean euismod erat at felis consequat fermentum. Nulla eget lectus ut nunc rhoncus mollis a id enim. Etiam nec ultricies nibh. '),
(35, 3, 50, 2, 'Proin commodo risus a lacus rutrum, vel sodales eros porta. Maecenas rutrum leo ac arcu rhoncus, eu tempor massa pulvinar. Curabitur aliquet nisl arcu, eu accumsan urna congue vitae. Suspendisse non tortor metus. Integer porttitor libero suscipit sapien porttitor tincidunt. Maecenas efficitur congue ligula. In hac habitasse platea dictumst. Vivamus porta quam ac sem volutpat, nec consectetur ex volutpat. Duis vitae scelerisque purus, quis dictum metus. Quisque convallis, justo eget posuere auctor, mi ex imperdiet quam, eu iaculis tortor ante quis nibh. Mauris sollicitudin malesuada ultricies. Pellentesque habitant morbi tristique senectus et netus et malesuada fames ac turpis egestas. Nam maximus justo nec massa interdum, pretium lobortis orci finibus. Suspendisse ut malesuada ipsum. '),
(36, 1, 46, 4, 'Donec nec felis sit amet augue viverra dictum. Phasellus vulputate libero in lorem scelerisque, eget egestas elit efficitur. Donec non porta lacus. Nam consequat quam quis iaculis gravida. Proin convallis vel odio nec tristique. Etiam pretium mauris lorem, vitae venenatis purus porta facilisis. Donec sit amet tellus pellentesque, vehicula dui nec, placerat enim. Mauris rutrum enim enim, auctor accumsan turpis interdum suscipit. Mauris quis nisi tellus. Duis lacinia augue nec purus porttitor, in bibendum arcu malesuada. Vestibulum molestie est at orci condimentum, sit amet ultrices nisi auctor. Proin molestie tellus est, eget pretium purus fringilla sit amet. Morbi porta tellus et tellus interdum condimentum. Nulla eget turpis vitae lorem dignissim ornare id sit amet leo. Curabitur lorem velit, posuere a mauris eu, ultricies hendrerit mi. '),
(37, 1, 29, 4, 'Aenean et tempor purus. Fusce ac viverra sem. Donec magna ligula, varius quis porta at, blandit sit amet nisl. Pellentesque vitae nisi mi. Quisque nisi lorem, molestie egestas congue ut, volutpat eget elit. Integer consequat, felis ut luctus scelerisque, neque elit maximus arcu, eget gravida metus arcu ac nunc. Donec et facilisis quam. Nam molestie tempor lorem, vulputate maximus risus fringilla in. Proin urna est, varius in justo id, maximus lobortis velit. '),
(38, 3, 12, 1, 'Donec lacinia, elit sed vulputate placerat, lorem sem cursus augue, ut aliquam orci nisl porttitor dolor. Donec molestie suscipit aliquam. Suspendisse vel quam orci. In in vestibulum velit, at dapibus purus. Ut faucibus eros eget mi ullamcorper, eget semper ante ullamcorper. Pellentesque congue bibendum orci, at aliquam ipsum suscipit non. Interdum et malesuada fames ac ante ipsum primis in faucibus. Mauris elementum convallis libero eu suscipit. Proin malesuada enim at dui faucibus porttitor. Proin sed elit sem. '),
(39, 1, 44, 3, 'Morbi sapien diam, bibendum eu congue ac, tristique at sem. Maecenas ultricies facilisis metus, sit amet lobortis enim sagittis vel. Nam vestibulum imperdiet est nec imperdiet. Ut varius molestie nulla non suscipit. Etiam malesuada lectus non quam suscipit consectetur. Integer vehicula augue vitae orci tristique luctus. Proin libero velit, posuere et feugiat at, posuere ut massa. Cras rhoncus maximus risus vel pretium. Quisque quis tristique metus, ac tincidunt turpis. '),
(40, 1, 6, 3, 'Fusce hendrerit nec dolor sed semper. Mauris eget dui varius elit tristique vulputate. Lorem ipsum dolor sit amet, consectetur adipiscing elit. Pellentesque tincidunt pretium convallis. Integer vel augue ut neque pellentesque molestie id vitae turpis. Phasellus cursus ipsum vel ex ultricies finibus. Pellentesque eget tellus pellentesque, sagittis turpis eget, auctor orci. Quisque elit nibh, volutpat in justo nec, porttitor rutrum metus. Phasellus augue enim, tempus a iaculis at, tempus et purus. Proin purus arcu, facilisis vitae odio a, luctus dignissim nibh. Pellentesque tempor posuere augue, eu bibendum lorem eleifend ut. Phasellus nec ex rhoncus, feugiat nisl sit amet, elementum neque. Curabitur blandit libero at nisl dapibus, a tempus mi eleifend. Aliquam nisi dui, tempor id sem a, fermentum mattis orci. Quisque sit amet est aliquam, luctus urna non, consequat purus. '),
(41, 1, 13, 3, 'Fusce tortor nisi, scelerisque eget semper eget, imperdiet ut ligula. Donec sit amet mauris eleifend, rhoncus ligula et, faucibus felis. Praesent faucibus tellus eu accumsan ultricies. Etiam elementum nisi ut ipsum lacinia commodo. Sed venenatis efficitur sem vitae feugiat. Morbi laoreet sapien id quam imperdiet venenatis eget nec tellus. Phasellus gravida elit eget molestie volutpat. Donec consectetur ex lectus, sed porta elit lacinia at. '),
(42, 2, 12, 2, 'Aliquam congue tempor sem vitae rhoncus. Morbi laoreet augue quis massa venenatis, eget congue risus posuere. Curabitur euismod sem eu commodo rhoncus. Etiam sit amet eleifend lorem, et luctus elit. Integer vestibulum, ligula condimentum convallis tincidunt, libero dolor vestibulum ex, quis aliquet metus erat sit amet ligula. Nulla nibh tellus, eleifend sed rhoncus vitae, pharetra et odio. Nullam eu ligula eros. Etiam molestie diam arcu, quis imperdiet urna interdum a. Suspendisse lobortis pulvinar augue placerat pharetra. Donec ut eros laoreet, sollicitudin ex ac, vehicula nisi. Fusce sodales, eros nec auctor lacinia, arcu diam pharetra mauris, et vehicula ex lectus ut ex. Aliquam ornare turpis sit amet orci blandit, ac egestas libero posuere. Vivamus vestibulum turpis non vestibulum egestas. Praesent a pulvinar nibh. Proin accumsan mauris vitae mauris rhoncus feugiat. '),
(43, 2, 51, 3, 'Morbi sapien diam, bibendum eu congue ac, tristique at sem. Maecenas ultricies facilisis metus, sit amet lobortis enim sagittis vel. Nam vestibulum imperdiet est nec imperdiet. Ut varius molestie nulla non suscipit. Etiam malesuada lectus non quam suscipit consectetur. Integer vehicula augue vitae orci tristique luctus. Proin libero velit, posuere et feugiat at, posuere ut massa. Cras rhoncus maximus risus vel pretium. Quisque quis tristique metus, ac tincidunt turpis. '),
(44, 3, 13, 3, 'Fusce dapibus rutrum ante, non tempor metus ullamcorper vitae. Mauris interdum accumsan sapien, eu viverra ipsum finibus ultricies. Aenean eleifend malesuada viverra. Etiam auctor imperdiet rhoncus. Aenean fermentum mattis convallis. Nunc ac risus sed urna interdum placerat. Proin condimentum pharetra accumsan. Aliquam interdum pulvinar leo ac elementum. Etiam auctor rutrum lectus, ut eleifend neque rutrum a. Mauris vel aliquet magna. Maecenas venenatis, neque nec bibendum egestas, mi urna lobortis elit, eget tempus orci ex id tortor. Donec consequat turpis vel sem placerat eleifend. Quisque tincidunt condimentum enim at mattis. Donec ac purus vel lectus lacinia tempus. '),
(45, 2, 11, 1, 'Duis placerat dui vitae quam elementum posuere. Integer suscipit pharetra diam at rutrum. Duis facilisis tincidunt ipsum, vitae finibus lorem. Pellentesque ante purus, laoreet sit amet tristique ac, facilisis sit amet mauris. Nunc diam nulla, aliquam eget cursus sed, venenatis eget augue. Suspendisse lobortis convallis ligula vel sodales. Ut a tincidunt orci. Pellentesque scelerisque vestibulum nisl id vestibulum. Duis eu turpis viverra, porttitor nisl sit amet, congue metus. Suspendisse pretium dui eget tristique dignissim. Nullam nec mi quis est congue interdum. '),
(46, 2, 59, 5, 'Pellentesque ultricies odio nec ante feugiat, vitae fermentum lectus aliquet. Cras sapien orci, malesuada sed placerat vitae, bibendum vitae nulla. Etiam tincidunt fringilla ante, tempus mattis risus rutrum eget. Vestibulum enim eros, ullamcorper vel turpis vitae, facilisis dapibus felis. Sed mollis pellentesque nulla sit amet viverra. Phasellus elementum vestibulum sapien et vehicula. Sed ut dolor sit amet quam hendrerit pellentesque. Donec congue, lorem ut sodales bibendum, nunc ante eleifend dui, a varius dui lectus a ex. Nullam a accumsan nunc, laoreet mollis tellus. Praesent consequat eu sapien id sagittis. '),
(47, 1, 7, 2, 'Donec lacinia, elit sed vulputate placerat, lorem sem cursus augue, ut aliquam orci nisl porttitor dolor. Donec molestie suscipit aliquam. Suspendisse vel quam orci. In in vestibulum velit, at dapibus purus. Ut faucibus eros eget mi ullamcorper, eget semper ante ullamcorper. Pellentesque congue bibendum orci, at aliquam ipsum suscipit non. Interdum et malesuada fames ac ante ipsum primis in faucibus. Mauris elementum convallis libero eu suscipit. Proin malesuada enim at dui faucibus porttitor. Proin sed elit sem. '),
(48, 3, 2, 1, 'Phasellus vel tempus ante. Sed in eros nec metus commodo eleifend. Etiam posuere urna ut dolor efficitur blandit. Aliquam maximus urna blandit, lacinia diam nec, facilisis dui. Integer consectetur ante vitae vehicula pretium. Sed iaculis vestibulum leo. Phasellus pretium urna dolor. In non lacinia risus. Sed nec diam sed enim bibendum tincidunt eget sed turpis. '),
(49, 2, 24, 4, 'Quisque at rhoncus metus. Integer vitae elit ut dolor eleifend tristique id vitae eros. Maecenas mattis enim ipsum, nec ullamcorper nibh semper in. Nullam sodales ullamcorper dolor, eu efficitur dolor consequat nec. Quisque dignissim est at nunc lacinia, tempor tempor nulla iaculis. Praesent placerat, magna ac aliquam commodo, leo dui hendrerit justo, at ultrices velit nulla at nibh. Aenean a orci nec augue dictum ornare nec non lacus. In magna nisi, euismod ut ante eu, posuere rhoncus sem. Ut tempus ac libero pulvinar pulvinar. Vestibulum ante ipsum primis in faucibus orci luctus et ultrices posuere cubilia Curae; Nulla quis felis nec ex placerat dapibus. Ut vel suscipit dolor, at scelerisque est. Donec at erat sodales, commodo ante quis, porttitor nisi. Phasellus vehicula odio magna, eget faucibus ipsum tincidunt vel. '),
(50, 2, 22, 4, 'Integer aliquet sagittis leo, eget facilisis metus fermentum gravida. Cras pharetra lectus lorem, ut luctus nunc euismod sed. Praesent vel convallis ex. Aenean efficitur consequat felis, et congue tortor imperdiet ut. In ornare vel enim vel mollis. Aenean tempus sapien arcu. Morbi ullamcorper pulvinar libero ut congue. Nullam id nisl a risus molestie dapibus. Pellentesque habitant morbi tristique senectus et netus et malesuada fames ac turpis egestas. Integer est ante, vehicula id nunc eget, venenatis varius ex. Suspendisse potenti. In quis elit congue sem viverra gravida et eget elit. Sed in eros iaculis, rhoncus odio ut, ullamcorper ipsum. Curabitur hendrerit, eros quis elementum convallis, nibh nisl dapibus risus, ut pulvinar ipsum mi ac tortor. Morbi neque dui, ullamcorper ut rutrum at, volutpat non purus. Vestibulum tincidunt nibh ut justo vehicula tincidunt. '),
(51, 3, 44, 5, 'Lorem ipsum dolor sit amet, consectetur adipiscing elit. Donec gravida a dolor a consectetur. Interdum et malesuada fames ac ante ipsum primis in faucibus. Ut at tincidunt lorem, in posuere augue. Ut vel erat non elit malesuada fermentum. Vestibulum odio metus, euismod ut vestibulum nec, vestibulum ac velit. Pellentesque nec ullamcorper risus, non tincidunt augue. Duis vel lectus a lectus porttitor rhoncus id eu nulla. Ut faucibus odio vitae ultricies vehicula. '),
(52, 3, 38, 5, 'Curabitur at hendrerit nisi, imperdiet porttitor lectus. Integer interdum, ex non convallis elementum, ligula dolor porta sapien, quis maximus nisl turpis eu ante. Mauris quis velit sit amet tortor ultricies tincidunt vel a erat. Nam non erat sed ex volutpat rutrum. In id risus ut eros ultricies accumsan. Ut ante urna, accumsan in volutpat eu, semper eget odio. Quisque nisi lacus, aliquam in suscipit ac, venenatis non metus. Suspendisse potenti. Nam sodales vehicula arcu, in elementum elit. Sed vulputate a urna in malesuada. Nunc ac porttitor diam. Sed ut justo non purus placerat aliquam nec sit amet velit. Aenean facilisis dolor metus, ut tincidunt velit varius at. In et pulvinar eros, sit amet bibendum leo. Pellentesque ullamcorper viverra vulputate. '),
(53, 1, 51, 5, 'Nullam vulputate sed ipsum vel mattis. Aliquam erat volutpat. Duis eu vulputate dui. Proin nec lacus non ante maximus lacinia. Integer interdum pretium libero, ac bibendum mauris varius consequat. Nullam at ante a tortor tempus feugiat. Suspendisse tortor felis, mattis et gravida id, condimentum ac dolor. Duis eu lectus suscipit, congue ligula eu, rutrum nunc. Vivamus sit amet ligula volutpat, rutrum mauris eget, pulvinar libero. Aenean euismod erat at felis consequat fermentum. Nulla eget lectus ut nunc rhoncus mollis a id enim. Etiam nec ultricies nibh. '),
(54, 3, 32, 1, 'Cras scelerisque id orci at lacinia. Fusce in vulputate diam. Etiam egestas vehicula dapibus. Quisque sit amet imperdiet sapien. Curabitur placerat dapibus erat, at ultrices augue condimentum a. Vivamus aliquet sapien sit amet varius dignissim. Nullam at commodo felis. Phasellus eu elit hendrerit, pulvinar purus id, dignissim orci. Nunc id ligula ligula. Mauris sed varius nibh. Sed sed auctor lacus. '),
(55, 2, 29, 3, 'Nam mattis mollis elit non imperdiet. Duis sodales condimentum eros, ac fermentum ex fringilla sed. Praesent mattis nisi interdum urna pretium, sit amet tristique ante rutrum. Pellentesque vitae leo mauris. Etiam id commodo felis, vitae porta lectus. Suspendisse eget rutrum nulla, a fringilla mi. Nulla condimentum, nulla ac dignissim dictum, ex nisl imperdiet lorem, quis luctus lacus ligula vel sapien. Vestibulum finibus lorem egestas orci vehicula, et rhoncus leo lobortis. Nulla convallis nulla nec erat cursus, quis placerat urna volutpat. Maecenas nec ullamcorper orci, ut sollicitudin magna. Donec sit amet velit lectus. Nam nulla dolor, volutpat nec mi in, luctus laoreet ligula. Aenean non egestas augue, sed pharetra erat. Proin nulla velit, varius eget nibh at, consectetur euismod mauris. Curabitur in hendrerit metus. Donec quis diam et ipsum accumsan rhoncus. '),
(56, 1, 55, 1, 'Nam viverra ante lorem, nec imperdiet lacus hendrerit ac. Pellentesque gravida facilisis arcu, eu consectetur nulla euismod faucibus. Sed eu libero semper, porta ligula vitae, posuere metus. Aliquam tempor quam et ipsum dictum porta. Morbi sollicitudin facilisis nunc id fermentum. Aenean bibendum augue vitae elit iaculis, at congue lectus dapibus. Suspendisse efficitur tortor vel nunc feugiat facilisis. Fusce nec lorem id elit gravida maximus ac vel mauris. Vivamus consequat varius ultricies. Aliquam erat volutpat. Suspendisse dignissim, ante eu lobortis consectetur, justo erat lobortis nibh, at luctus leo massa lobortis nisl. '),
(57, 2, 27, 1, 'Fusce hendrerit nec dolor sed semper. Mauris eget dui varius elit tristique vulputate. Lorem ipsum dolor sit amet, consectetur adipiscing elit. Pellentesque tincidunt pretium convallis. Integer vel augue ut neque pellentesque molestie id vitae turpis. Phasellus cursus ipsum vel ex ultricies finibus. Pellentesque eget tellus pellentesque, sagittis turpis eget, auctor orci. Quisque elit nibh, volutpat in justo nec, porttitor rutrum metus. Phasellus augue enim, tempus a iaculis at, tempus et purus. Proin purus arcu, facilisis vitae odio a, luctus dignissim nibh. Pellentesque tempor posuere augue, eu bibendum lorem eleifend ut. Phasellus nec ex rhoncus, feugiat nisl sit amet, elementum neque. Curabitur blandit libero at nisl dapibus, a tempus mi eleifend. Aliquam nisi dui, tempor id sem a, fermentum mattis orci. Quisque sit amet est aliquam, luctus urna non, consequat purus. '),
(58, 3, 24, 3, 'Vestibulum ante ipsum primis in faucibus orci luctus et ultrices posuere cubilia Curae; In sit amet ullamcorper quam. Nam sollicitudin condimentum elementum. Sed iaculis, tortor non consectetur fermentum, mauris ipsum sodales tortor, eu imperdiet ipsum enim mattis velit. Maecenas posuere ex nec placerat posuere. Pellentesque consequat blandit erat, vel venenatis neque porttitor eu. Donec scelerisque tortor ut pretium accumsan. Quisque ut molestie diam. Duis finibus rutrum magna at interdum. '),
(59, 1, 29, 4, 'Sed vehicula tortor sed rhoncus viverra. Suspendisse porta orci nulla, consectetur consequat nunc fermentum a. Aliquam ut ultricies mauris, vitae porta nibh. Curabitur libero ligula, pellentesque quis metus ac, fermentum tincidunt purus. Nunc porta in neque ac volutpat. Phasellus tincidunt mattis ex, eget vulputate ligula hendrerit quis. Nunc maximus sagittis leo elementum sollicitudin. Cras tincidunt consequat sagittis. Nullam quis augue nibh. Cras sollicitudin blandit diam in finibus. Duis molestie bibendum ante vel mollis. Donec vitae nunc blandit, tincidunt lectus eu, cursus arcu. '),
(60, 1, 54, 3, 'Vestibulum ante ipsum primis in faucibus orci luctus et ultrices posuere cubilia Curae; Duis ullamcorper ligula sapien, nec ultricies urna porttitor dictum. Morbi feugiat enim ac felis ullamcorper semper. Cras lacus lacus, suscipit at magna et, rutrum posuere nibh. Curabitur sollicitudin risus a blandit suscipit. Phasellus venenatis hendrerit ultricies. Sed consequat eros eu nisi vulputate, at malesuada tellus faucibus. Maecenas vel interdum velit, quis pulvinar leo. '),
(61, 1, 17, 1, 'Ut congue at lectus eget congue. Ut et porta quam. Proin pretium pretium nulla. Aliquam varius eu sem a malesuada. In interdum placerat luctus. Phasellus libero lorem, venenatis ut molestie eget, cursus in odio. Morbi laoreet augue hendrerit tristique ultricies. Nullam nec sagittis urna. Sed tincidunt, magna quis ultrices congue, ex sapien feugiat enim, eu rhoncus mauris nulla eget nisi. Donec cursus, orci sit amet malesuada imperdiet, dolor ex vestibulum nisi, at rutrum leo augue nec dui. Proin a interdum neque. Nam ac dictum ipsum, sit amet molestie nulla. '),
(62, 1, 63, 3, 'Nunc a augue tempor, lacinia lorem ut, vehicula sapien. Duis suscipit maximus fermentum. Praesent ultrices mauris eget eleifend convallis. Maecenas nulla augue, rhoncus at vulputate quis, vehicula et odio. Cras a diam porttitor, tempus magna ut, tempus elit. Sed lobortis mauris tellus, non convallis nibh consectetur non. Quisque fringilla eros vitae tempus ullamcorper. Nam nisi sem, pharetra ut ipsum et, semper varius felis. '),
(63, 1, 42, 5, 'Integer a fermentum est, a condimentum purus. Fusce aliquam sed leo tristique convallis. Curabitur eget leo non urna semper eleifend. Fusce non convallis arcu, sed malesuada diam. Lorem ipsum dolor sit amet, consectetur adipiscing elit. Vestibulum sed neque gravida, pharetra mi sit amet, ullamcorper purus. Cum sociis natoque penatibus et magnis dis parturient montes, nascetur ridiculus mus. Quisque congue mi nec massa maximus, sit amet fringilla nulla auctor. '),
(64, 3, 35, 2, 'Integer auctor justo vel commodo tincidunt. Vivamus consequat nisl nibh, sit amet mollis tortor mattis in. Praesent eu tristique dui. Nulla quis maximus urna. Curabitur urna risus, egestas nec justo non, porta dignissim elit. Vivamus et nibh et dui convallis consectetur. Morbi vitae dapibus ipsum. Mauris dictum imperdiet quam a vulputate. '),
(65, 3, 22, 5, 'Aliquam suscipit diam vel augue ultricies ultrices. Aenean nisi nibh, maximus in purus sed, suscipit gravida sem. Morbi elementum arcu velit. Fusce eget viverra nisi. Nullam a mauris fermentum, fermentum lacus eget, ornare erat. Pellentesque habitant morbi tristique senectus et netus et malesuada fames ac turpis egestas. Maecenas ullamcorper purus sed velit tincidunt faucibus. Donec nec gravida felis, nec sollicitudin metus. Suspendisse potenti. Etiam vitae lectus placerat, dictum tellus sed, gravida lectus. Vivamus mi ex, ullamcorper condimentum aliquet sit amet, pulvinar vitae tortor. '),
(66, 2, 18, 4, 'Pellentesque viverra arcu vestibulum lacinia iaculis. Fusce venenatis sapien lobortis turpis auctor, ultrices facilisis nulla tincidunt. Suspendisse ac rutrum purus. Class aptent taciti sociosqu ad litora torquent per conubia nostra, per inceptos himenaeos. Nullam elementum quam ipsum, ut fermentum tortor sagittis at. Donec mattis vitae sapien et bibendum. Pellentesque eget urna non massa dignissim vestibulum sit amet vel lectus. Phasellus sodales dui nulla, a aliquet tellus dapibus in. Phasellus mauris eros, laoreet in suscipit ac, congue sit amet tellus. Aenean egestas augue sit amet augue laoreet vestibulum. Aenean interdum consectetur velit ut congue. '),
(67, 1, 5, 5, 'Duis placerat dui vitae quam elementum posuere. Integer suscipit pharetra diam at rutrum. Duis facilisis tincidunt ipsum, vitae finibus lorem. Pellentesque ante purus, laoreet sit amet tristique ac, facilisis sit amet mauris. Nunc diam nulla, aliquam eget cursus sed, venenatis eget augue. Suspendisse lobortis convallis ligula vel sodales. Ut a tincidunt orci. Pellentesque scelerisque vestibulum nisl id vestibulum. Duis eu turpis viverra, porttitor nisl sit amet, congue metus. Suspendisse pretium dui eget tristique dignissim. Nullam nec mi quis est congue interdum. '),
(68, 3, 63, 3, 'Integer auctor justo vel commodo tincidunt. Vivamus consequat nisl nibh, sit amet mollis tortor mattis in. Praesent eu tristique dui. Nulla quis maximus urna. Curabitur urna risus, egestas nec justo non, porta dignissim elit. Vivamus et nibh et dui convallis consectetur. Morbi vitae dapibus ipsum. Mauris dictum imperdiet quam a vulputate. '),
(69, 2, 41, 4, 'Suspendisse cursus porttitor diam vel vestibulum. Aliquam erat volutpat. Suspendisse vitae purus ut lacus tempus rutrum. Quisque tincidunt eget felis vitae eleifend. Sed congue eros eu enim venenatis, nec hendrerit ante imperdiet. Etiam fringilla finibus nisi. Suspendisse potenti. Nullam eget magna vitae lacus porta accumsan. Donec vel libero nibh. '),
(70, 1, 20, 2, 'Morbi sodales eleifend ligula hendrerit dignissim. Mauris iaculis sollicitudin tincidunt. Nunc tempor semper quam vitae luctus. Nunc eu porttitor odio, non sodales nibh. In hac habitasse platea dictumst. Nunc et facilisis nunc, ac pharetra est. Aliquam ultrices iaculis faucibus. Nam egestas iaculis feugiat. Maecenas tempor maximus metus. Duis rutrum lacus ligula. Cras eu nulla eros. Aenean sit amet suscipit tortor. Nullam et lobortis lacus, sed venenatis odio. Suspendisse id enim in eros facilisis dignissim sed quis dolor. Aliquam lectus nisl, vehicula vel fermentum non, sagittis eu lacus. '),
(71, 1, 47, 5, 'Pellentesque iaculis elit eget urna ornare ultrices. Morbi et dignissim lacus. Sed sodales velit libero, luctus mollis nisi dignissim eget. Praesent iaculis nec erat sed congue. Maecenas convallis ligula justo, in placerat risus mattis sed. Aenean iaculis pellentesque est sed tempor. Aenean et viverra risus. Curabitur viverra turpis felis, molestie gravida libero ullamcorper ac. Aliquam erat volutpat. Sed blandit condimentum orci in iaculis. '),
(72, 3, 6, 1, 'Integer aliquet sagittis leo, eget facilisis metus fermentum gravida. Cras pharetra lectus lorem, ut luctus nunc euismod sed. Praesent vel convallis ex. Aenean efficitur consequat felis, et congue tortor imperdiet ut. In ornare vel enim vel mollis. Aenean tempus sapien arcu. Morbi ullamcorper pulvinar libero ut congue. Nullam id nisl a risus molestie dapibus. Pellentesque habitant morbi tristique senectus et netus et malesuada fames ac turpis egestas. Integer est ante, vehicula id nunc eget, venenatis varius ex. Suspendisse potenti. In quis elit congue sem viverra gravida et eget elit. Sed in eros iaculis, rhoncus odio ut, ullamcorper ipsum. Curabitur hendrerit, eros quis elementum convallis, nibh nisl dapibus risus, ut pulvinar ipsum mi ac tortor. Morbi neque dui, ullamcorper ut rutrum at, volutpat non purus. Vestibulum tincidunt nibh ut justo vehicula tincidunt. '),
(73, 2, 8, 2, 'Pellentesque iaculis elit eget urna ornare ultrices. Morbi et dignissim lacus. Sed sodales velit libero, luctus mollis nisi dignissim eget. Praesent iaculis nec erat sed congue. Maecenas convallis ligula justo, in placerat risus mattis sed. Aenean iaculis pellentesque est sed tempor. Aenean et viverra risus. Curabitur viverra turpis felis, molestie gravida libero ullamcorper ac. Aliquam erat volutpat. Sed blandit condimentum orci in iaculis. '),
(74, 2, 3, 2, 'Suspendisse cursus porttitor diam vel vestibulum. Aliquam erat volutpat. Suspendisse vitae purus ut lacus tempus rutrum. Quisque tincidunt eget felis vitae eleifend. Sed congue eros eu enim venenatis, nec hendrerit ante imperdiet. Etiam fringilla finibus nisi. Suspendisse potenti. Nullam eget magna vitae lacus porta accumsan. Donec vel libero nibh. '),
(75, 1, 39, 3, 'Sed eget facilisis neque. Aliquam sed lectus justo. Vivamus eget ante et turpis blandit molestie ac rutrum arcu. Vivamus laoreet posuere ullamcorper. In tempus, orci sed imperdiet porta, eros neque tempus enim, quis finibus lectus nibh posuere odio. Class aptent taciti sociosqu ad litora torquent per conubia nostra, per inceptos himenaeos. Class aptent taciti sociosqu ad litora torquent per conubia nostra, per inceptos himenaeos. Mauris semper mi vitae dui varius tincidunt. Praesent et nibh egestas, vehicula felis sit amet, varius dolor. Nam nec tincidunt orci. Sed blandit urna in ante pulvinar dignissim. Vivamus mattis eu turpis eget dignissim. Cras vel mollis massa. Donec scelerisque, nulla et placerat sagittis, dui tortor sagittis orci, sed ultrices tortor elit vitae dolor. Phasellus consequat diam sed augue tincidunt mollis. '),
(76, 1, 62, 5, 'Morbi vel porta velit, et hendrerit nisl. Phasellus eget ultricies libero. Lorem ipsum dolor sit amet, consectetur adipiscing elit. Maecenas ornare sapien augue, id mollis magna sodales sagittis. Sed congue dictum mi eu semper. Morbi ligula ipsum, tempor non placerat vel, accumsan vitae mi. Sed in tempor lorem. Sed nec laoreet lacus, eget rutrum nisi. Phasellus malesuada consectetur purus, eu dignissim ligula pellentesque nec. Sed scelerisque urna sit amet turpis imperdiet rutrum. Donec feugiat libero vel elit accumsan, quis dapibus ipsum ultricies. Vivamus faucibus ac libero sed varius. '),
(77, 2, 56, 4, 'Suspendisse eget volutpat augue. Maecenas imperdiet eros nisi, a sagittis dolor maximus ut. Curabitur porta ullamcorper pretium. Morbi at tortor sit amet urna sagittis venenatis. Vivamus vitae diam at lorem dictum pulvinar. Nunc augue nibh, lacinia ac mi quis, commodo aliquam est. In dignissim nec eros nec laoreet. Phasellus fermentum posuere velit nec luctus. Sed sit amet ligula lacus. Nulla volutpat dolor vehicula, bibendum nulla ut, tempus nisl. Fusce id iaculis justo. Nunc ac hendrerit ligula, non vestibulum lorem. Quisque eget eros eu magna vulputate gravida a vel odio. '),
(78, 2, 34, 3, 'Pellentesque fringilla mollis ipsum, in lobortis lorem laoreet vel. Etiam tincidunt dolor id leo porta accumsan et eu felis. Vivamus est justo, auctor eu condimentum et, volutpat ac ligula. Vivamus lobortis elementum eleifend. Maecenas nec tempus ligula. In porttitor sagittis ipsum, et tincidunt justo tincidunt sed. Quisque mattis massa sit amet dapibus condimentum. '),
(79, 2, 44, 1, 'Ut malesuada dapibus massa, et euismod nulla condimentum nec. Nulla lacinia ac erat at posuere. Nunc placerat feugiat ante quis sollicitudin. Maecenas sodales, tortor a auctor imperdiet, odio metus sollicitudin justo, sed interdum nibh diam et odio. Fusce pulvinar magna nec sagittis varius. In viverra convallis nisi a convallis. Maecenas sed velit pharetra, imperdiet ex vitae, porta tortor. Aliquam non nibh nisl. Vivamus sed vestibulum urna. Vestibulum ornare, erat a luctus ullamcorper, velit lectus rhoncus mauris, nec posuere eros velit eu urna. Integer vel velit id lacus aliquam rutrum et et nunc. Curabitur mattis sem fringilla, rhoncus enim eu, volutpat libero. Curabitur rhoncus sollicitudin lectus, a ornare felis consequat nec. Sed ac orci quam. Suspendisse pretium fringilla justo a pulvinar. '),
(80, 1, 35, 1, 'Vivamus nec aliquet eros. Proin accumsan sit amet enim sed aliquet. Proin malesuada maximus lectus, ut laoreet ipsum porta ac. Nam consectetur ornare dapibus. Suspendisse potenti. Proin congue, orci sit amet suscipit vulputate, odio ex vestibulum dolor, ut porta dui dolor id nibh. Quisque consectetur rutrum facilisis. Integer lobortis feugiat laoreet. Integer auctor lacinia est et placerat. Aliquam non ex ex. Morbi pretium volutpat metus non auctor. '),
(81, 2, 53, 5, 'Praesent lobortis ipsum in leo tincidunt facilisis. Vivamus dignissim sapien augue, id blandit ante aliquam et. Integer varius tincidunt dolor quis vehicula. Fusce vel elit scelerisque, sollicitudin odio in, vulputate est. Sed nisi lectus, consectetur eget condimentum vitae, volutpat in justo. Praesent viverra tempor mattis. Ut quis lectus eu dui volutpat vestibulum non vel lacus. Donec eleifend lacinia orci, ut pulvinar mauris viverra tincidunt. Praesent condimentum sodales est. Fusce tristique molestie sapien, non convallis enim lacinia id. Curabitur vitae est vitae nibh blandit ultrices. '),
(82, 3, 47, 2, 'Class aptent taciti sociosqu ad litora torquent per conubia nostra, per inceptos himenaeos. Nam pretium sodales imperdiet. Nam eleifend efficitur erat, nec finibus erat imperdiet in. Vivamus suscipit velit sed efficitur pellentesque. Nunc gravida mi id auctor efficitur. Integer vel ligula consequat augue vestibulum maximus. Integer porttitor sem at urna viverra pulvinar. Integer id metus eget velit lobortis aliquam sed a mi. Nullam in lacus id mi semper tincidunt. ');
INSERT INTO `reviews` (`id`, `user`, `product`, `grade`, `review`) VALUES
(83, 3, 64, 3, 'Morbi eu auctor mauris, nec aliquam odio. Mauris vehicula vehicula nisi, quis aliquam diam porttitor in. Donec at tellus finibus, accumsan eros ut, convallis velit. Aliquam quis hendrerit ligula. Aliquam erat volutpat. Etiam ut semper orci, ac tristique ex. Sed sodales dui ac odio dignissim, in pellentesque est cursus. Sed ut consequat justo, ut viverra ex. Phasellus pulvinar ligula eget fermentum malesuada. Suspendisse dapibus justo eu pharetra mollis. Nulla facilisi. Vestibulum ante ipsum primis in faucibus orci luctus et ultrices posuere cubilia Curae; Donec porttitor sapien vitae mauris euismod commodo. '),
(84, 2, 54, 4, 'Aenean iaculis eros accumsan imperdiet condimentum. Nunc neque mi, porttitor a quam vel, suscipit feugiat turpis. Cras ac libero sapien. Nunc facilisis orci ut consequat consectetur. Sed sollicitudin egestas mi, vel mollis eros auctor ac. Fusce eget odio a lorem tempor pellentesque vel id metus. Nulla nec nunc ultricies, scelerisque risus a, mollis nisl. Aenean ut porttitor elit. Morbi in semper libero. Aliquam placerat laoreet est, et aliquam enim laoreet non. Suspendisse potenti. Nulla dictum venenatis enim, et ultrices elit viverra at. Donec ac felis molestie, gravida sem vitae, interdum mi. Nulla venenatis lectus sit amet lacus tristique consequat. '),
(85, 2, 63, 5, 'Nulla imperdiet massa nec nunc pulvinar fringilla vel fermentum dui. Nam at lacinia tortor, nec porttitor enim. Aliquam scelerisque lorem ex. Etiam odio magna, eleifend sit amet gravida quis, fringilla in diam. Proin gravida luctus massa. Pellentesque habitant morbi tristique senectus et netus et malesuada fames ac turpis egestas. Nulla ac arcu lorem. Maecenas quis mi et velit feugiat mollis pellentesque non elit. '),
(86, 3, 40, 2, 'Donec vel odio nisl. Phasellus nunc nisi, luctus ac nibh at, rutrum vehicula justo. In hac habitasse platea dictumst. Ut sollicitudin lacus eget ligula venenatis, id sagittis felis tristique. Integer eget diam consequat, semper tellus et, rutrum libero. In non neque quis erat luctus maximus. Fusce fermentum lectus velit, sed auctor ante tempus vel. Suspendisse id purus congue, feugiat nulla quis, malesuada enim. Morbi feugiat, sapien vitae sodales iaculis, erat dui feugiat risus, et dapibus erat nisi sit amet ante. Duis ex purus, viverra ac eleifend eget, pretium eu arcu. Donec cursus, velit id varius ullamcorper, justo est dapibus neque, nec auctor orci velit ac tellus. Vestibulum sit amet leo id lectus bibendum euismod id vitae arcu. Cras interdum lobortis ligula, at auctor leo varius ut. Nulla ante velit, sodales at dignissim placerat, mattis ac purus. '),
(87, 1, 33, 5, 'Donec lacinia, elit sed vulputate placerat, lorem sem cursus augue, ut aliquam orci nisl porttitor dolor. Donec molestie suscipit aliquam. Suspendisse vel quam orci. In in vestibulum velit, at dapibus purus. Ut faucibus eros eget mi ullamcorper, eget semper ante ullamcorper. Pellentesque congue bibendum orci, at aliquam ipsum suscipit non. Interdum et malesuada fames ac ante ipsum primis in faucibus. Mauris elementum convallis libero eu suscipit. Proin malesuada enim at dui faucibus porttitor. Proin sed elit sem. '),
(88, 3, 55, 3, 'Nulla imperdiet massa nec nunc pulvinar fringilla vel fermentum dui. Nam at lacinia tortor, nec porttitor enim. Aliquam scelerisque lorem ex. Etiam odio magna, eleifend sit amet gravida quis, fringilla in diam. Proin gravida luctus massa. Pellentesque habitant morbi tristique senectus et netus et malesuada fames ac turpis egestas. Nulla ac arcu lorem. Maecenas quis mi et velit feugiat mollis pellentesque non elit. '),
(89, 3, 23, 5, 'Pellentesque mattis aliquet neque. Vivamus vestibulum lectus et elit dignissim auctor. Phasellus quis mauris in mi bibendum ultrices vitae et est. Curabitur et cursus dui. Praesent interdum in quam eu sollicitudin. Integer ultricies quis purus quis posuere. Praesent vitae augue pulvinar, finibus justo at, pharetra lacus. Aliquam blandit nisl posuere augue feugiat, sit amet faucibus justo ultricies. Aenean et vestibulum sapien. Donec porttitor mattis tristique. '),
(90, 3, 16, 3, 'Vestibulum blandit elit sed pellentesque sodales. Vestibulum luctus sapien vel magna fringilla tincidunt. In mauris nisi, luctus id volutpat non, efficitur sed dui. Donec suscipit dolor a elementum facilisis. Donec posuere lacinia arcu, a blandit lacus dictum vel. Duis in dui sit amet nisi commodo tincidunt. Donec fringilla justo magna, sit amet efficitur lorem malesuada vitae. In quis laoreet nibh, ut ullamcorper erat. Praesent non efficitur sapien. Sed risus ipsum, tempor id metus id, pellentesque rhoncus lectus. Ut in iaculis velit, vitae interdum ligula. Ut volutpat efficitur purus, sed euismod odio dapibus eu. Nulla id diam dui. Quisque ultricies dignissim nisi ac porttitor. Sed laoreet augue vestibulum, efficitur tortor non, fermentum sem. Mauris maximus volutpat lacus, non malesuada neque. '),
(91, 3, 16, 5, 'Aliquam iaculis justo id consectetur rhoncus. Vivamus fringilla tincidunt tortor in commodo. Nunc a placerat nisi. Fusce maximus dignissim libero ac tincidunt. Aliquam sagittis dapibus arcu. Nullam ac est ac purus mattis auctor nec euismod quam. Duis enim lacus, dignissim sit amet arcu finibus, tincidunt pulvinar mi. Aenean euismod, eros commodo faucibus elementum, dolor lacus vulputate dolor, in pulvinar metus sem sed enim. Ut sed diam vel augue accumsan porttitor ac eget augue. Phasellus hendrerit sollicitudin sem, eget vulputate tellus gravida eget. Etiam pretium elit purus. Donec ac malesuada diam, quis aliquet tortor. Ut hendrerit purus at mollis egestas. '),
(92, 2, 38, 5, 'Suspendisse ac massa vel ligula luctus dapibus vitae consectetur ex. Proin elementum vehicula sem vel fringilla. Donec auctor tempor eros, ac pellentesque neque viverra a. Nunc a erat vehicula, porta tortor ac, hendrerit risus. Proin a tristique orci. Mauris imperdiet elit ut nisi ullamcorper pellentesque. Integer ornare diam a lacus dictum, in eleifend lorem sagittis. Sed eu lectus odio. Nam nisi quam, viverra eu commodo at, faucibus eu urna. Quisque ante lorem, euismod vel interdum vitae, mattis nec dui. Morbi ullamcorper facilisis urna vitae tincidunt. '),
(93, 1, 62, 4, 'Sed tincidunt eros nulla. Nullam imperdiet arcu ligula, non eleifend libero porttitor ac. Quisque non velit a elit scelerisque elementum vitae at tortor. Nullam condimentum facilisis ipsum et porta. Pellentesque ut massa et ex iaculis facilisis vel eget libero. Donec eget commodo est. Mauris quis pulvinar ex, vitae ultricies augue. Nullam euismod porta justo sit amet finibus. Fusce risus magna, vehicula ut nisl in, ullamcorper aliquet justo. In dapibus consectetur nibh, non maximus tellus bibendum sed. '),
(94, 3, 38, 1, 'Morbi vel porta velit, et hendrerit nisl. Phasellus eget ultricies libero. Lorem ipsum dolor sit amet, consectetur adipiscing elit. Maecenas ornare sapien augue, id mollis magna sodales sagittis. Sed congue dictum mi eu semper. Morbi ligula ipsum, tempor non placerat vel, accumsan vitae mi. Sed in tempor lorem. Sed nec laoreet lacus, eget rutrum nisi. Phasellus malesuada consectetur purus, eu dignissim ligula pellentesque nec. Sed scelerisque urna sit amet turpis imperdiet rutrum. Donec feugiat libero vel elit accumsan, quis dapibus ipsum ultricies. Vivamus faucibus ac libero sed varius. '),
(95, 2, 13, 5, 'Nunc a augue tempor, lacinia lorem ut, vehicula sapien. Duis suscipit maximus fermentum. Praesent ultrices mauris eget eleifend convallis. Maecenas nulla augue, rhoncus at vulputate quis, vehicula et odio. Cras a diam porttitor, tempus magna ut, tempus elit. Sed lobortis mauris tellus, non convallis nibh consectetur non. Quisque fringilla eros vitae tempus ullamcorper. Nam nisi sem, pharetra ut ipsum et, semper varius felis. '),
(96, 3, 1, 3, 'Integer condimentum tincidunt lacus quis dignissim. Integer porta non nisl nec lobortis. Pellentesque aliquam vel nibh ac varius. Integer mattis lectus ante, non porttitor neque auctor sed. Curabitur blandit risus non mauris vehicula, a venenatis ante malesuada. Nullam eleifend sem pharetra massa accumsan fermentum. Aenean hendrerit interdum massa, a vehicula lorem efficitur fermentum. Mauris massa nisi, ornare sed tristique eu, molestie ornare ligula. Fusce rutrum felis molestie lacus tristique bibendum. Proin cursus diam ut sem congue elementum. Suspendisse mi ipsum, commodo id pulvinar non, consequat non ante. Nullam rutrum sed arcu ut volutpat. '),
(97, 2, 50, 2, 'Nunc laoreet nulla in justo suscipit fringilla. Proin tempor sagittis nulla, aliquet eleifend ex. Praesent faucibus nisl vitae sem vehicula, id ultricies neque tincidunt. Proin justo mi, molestie id rutrum non, aliquet sed velit. Vivamus in mattis nulla. Morbi eu ex diam. Nunc quis venenatis lorem, eu tristique enim. Praesent scelerisque, mi nec pharetra placerat, nunc velit ultricies justo, in dapibus lectus nibh ac mi. Phasellus id massa non erat pellentesque suscipit. '),
(98, 3, 42, 2, 'Aliquam congue tempor sem vitae rhoncus. Morbi laoreet augue quis massa venenatis, eget congue risus posuere. Curabitur euismod sem eu commodo rhoncus. Etiam sit amet eleifend lorem, et luctus elit. Integer vestibulum, ligula condimentum convallis tincidunt, libero dolor vestibulum ex, quis aliquet metus erat sit amet ligula. Nulla nibh tellus, eleifend sed rhoncus vitae, pharetra et odio. Nullam eu ligula eros. Etiam molestie diam arcu, quis imperdiet urna interdum a. Suspendisse lobortis pulvinar augue placerat pharetra. Donec ut eros laoreet, sollicitudin ex ac, vehicula nisi. Fusce sodales, eros nec auctor lacinia, arcu diam pharetra mauris, et vehicula ex lectus ut ex. Aliquam ornare turpis sit amet orci blandit, ac egestas libero posuere. Vivamus vestibulum turpis non vestibulum egestas. Praesent a pulvinar nibh. Proin accumsan mauris vitae mauris rhoncus feugiat. '),
(99, 1, 25, 4, 'Morbi tincidunt metus et sem euismod hendrerit. Fusce metus ante, facilisis et hendrerit sed, facilisis eget ipsum. Quisque viverra sit amet augue ut mattis. Maecenas ultricies condimentum metus, a malesuada erat lobortis eget. Quisque id turpis vitae nisi efficitur tempus et non risus. In non leo dictum dolor consequat dapibus tempor vitae lorem. Etiam faucibus vitae ligula nec laoreet. Aenean euismod magna vel aliquet tempus. Vestibulum ante ipsum primis in faucibus orci luctus et ultrices posuere cubilia Curae; Morbi vulputate blandit molestie. Ut dapibus tellus quis venenatis congue. '),
(100, 3, 13, 2, 'Aenean et tempor purus. Fusce ac viverra sem. Donec magna ligula, varius quis porta at, blandit sit amet nisl. Pellentesque vitae nisi mi. Quisque nisi lorem, molestie egestas congue ut, volutpat eget elit. Integer consequat, felis ut luctus scelerisque, neque elit maximus arcu, eget gravida metus arcu ac nunc. Donec et facilisis quam. Nam molestie tempor lorem, vulputate maximus risus fringilla in. Proin urna est, varius in justo id, maximus lobortis velit. '),
(101, 1, 53, 4, 'Morbi vel porta velit, et hendrerit nisl. Phasellus eget ultricies libero. Lorem ipsum dolor sit amet, consectetur adipiscing elit. Maecenas ornare sapien augue, id mollis magna sodales sagittis. Sed congue dictum mi eu semper. Morbi ligula ipsum, tempor non placerat vel, accumsan vitae mi. Sed in tempor lorem. Sed nec laoreet lacus, eget rutrum nisi. Phasellus malesuada consectetur purus, eu dignissim ligula pellentesque nec. Sed scelerisque urna sit amet turpis imperdiet rutrum. Donec feugiat libero vel elit accumsan, quis dapibus ipsum ultricies. Vivamus faucibus ac libero sed varius. '),
(102, 2, 28, 3, 'Nulla sodales scelerisque tempus. Etiam non turpis volutpat, sollicitudin urna vulputate, cursus elit. Fusce placerat enim odio, eu pretium ipsum accumsan ut. Aenean eget turpis sed nisl facilisis ultrices et id dolor. Maecenas tempor massa sit amet tortor ultrices, vel gravida augue dignissim. Sed ultrices, tortor vel ultricies sodales, felis neque vestibulum augue, id luctus nibh massa id felis. Donec posuere vestibulum lorem vitae sagittis. Fusce rhoncus justo in risus scelerisque, eu bibendum erat dignissim. Donec quis pulvinar libero, eu rhoncus diam. '),
(103, 1, 51, 2, 'Donec vel odio nisl. Phasellus nunc nisi, luctus ac nibh at, rutrum vehicula justo. In hac habitasse platea dictumst. Ut sollicitudin lacus eget ligula venenatis, id sagittis felis tristique. Integer eget diam consequat, semper tellus et, rutrum libero. In non neque quis erat luctus maximus. Fusce fermentum lectus velit, sed auctor ante tempus vel. Suspendisse id purus congue, feugiat nulla quis, malesuada enim. Morbi feugiat, sapien vitae sodales iaculis, erat dui feugiat risus, et dapibus erat nisi sit amet ante. Duis ex purus, viverra ac eleifend eget, pretium eu arcu. Donec cursus, velit id varius ullamcorper, justo est dapibus neque, nec auctor orci velit ac tellus. Vestibulum sit amet leo id lectus bibendum euismod id vitae arcu. Cras interdum lobortis ligula, at auctor leo varius ut. Nulla ante velit, sodales at dignissim placerat, mattis ac purus. '),
(104, 1, 6, 4, 'Fusce dapibus rutrum ante, non tempor metus ullamcorper vitae. Mauris interdum accumsan sapien, eu viverra ipsum finibus ultricies. Aenean eleifend malesuada viverra. Etiam auctor imperdiet rhoncus. Aenean fermentum mattis convallis. Nunc ac risus sed urna interdum placerat. Proin condimentum pharetra accumsan. Aliquam interdum pulvinar leo ac elementum. Etiam auctor rutrum lectus, ut eleifend neque rutrum a. Mauris vel aliquet magna. Maecenas venenatis, neque nec bibendum egestas, mi urna lobortis elit, eget tempus orci ex id tortor. Donec consequat turpis vel sem placerat eleifend. Quisque tincidunt condimentum enim at mattis. Donec ac purus vel lectus lacinia tempus. '),
(105, 3, 4, 1, 'Donec nec felis sit amet augue viverra dictum. Phasellus vulputate libero in lorem scelerisque, eget egestas elit efficitur. Donec non porta lacus. Nam consequat quam quis iaculis gravida. Proin convallis vel odio nec tristique. Etiam pretium mauris lorem, vitae venenatis purus porta facilisis. Donec sit amet tellus pellentesque, vehicula dui nec, placerat enim. Mauris rutrum enim enim, auctor accumsan turpis interdum suscipit. Mauris quis nisi tellus. Duis lacinia augue nec purus porttitor, in bibendum arcu malesuada. Vestibulum molestie est at orci condimentum, sit amet ultrices nisi auctor. Proin molestie tellus est, eget pretium purus fringilla sit amet. Morbi porta tellus et tellus interdum condimentum. Nulla eget turpis vitae lorem dignissim ornare id sit amet leo. Curabitur lorem velit, posuere a mauris eu, ultricies hendrerit mi. '),
(106, 2, 61, 2, 'Aliquam iaculis justo id consectetur rhoncus. Vivamus fringilla tincidunt tortor in commodo. Nunc a placerat nisi. Fusce maximus dignissim libero ac tincidunt. Aliquam sagittis dapibus arcu. Nullam ac est ac purus mattis auctor nec euismod quam. Duis enim lacus, dignissim sit amet arcu finibus, tincidunt pulvinar mi. Aenean euismod, eros commodo faucibus elementum, dolor lacus vulputate dolor, in pulvinar metus sem sed enim. Ut sed diam vel augue accumsan porttitor ac eget augue. Phasellus hendrerit sollicitudin sem, eget vulputate tellus gravida eget. Etiam pretium elit purus. Donec ac malesuada diam, quis aliquet tortor. Ut hendrerit purus at mollis egestas. '),
(107, 3, 26, 4, 'Interdum et malesuada fames ac ante ipsum primis in faucibus. Cum sociis natoque penatibus et magnis dis parturient montes, nascetur ridiculus mus. Etiam laoreet, neque quis ullamcorper euismod, nisl justo pellentesque ante, eget venenatis magna orci vel tellus. Donec sodales finibus sapien, eget bibendum ligula. Quisque et tincidunt lectus, ut tristique orci. Curabitur sollicitudin mi sed nisl sodales, vitae ornare est fringilla. Vestibulum ante ipsum primis in faucibus orci luctus et ultrices posuere cubilia Curae; Nullam eu gravida metus, id interdum orci. Nulla in aliquet quam, eget consectetur felis. Sed turpis ante, vestibulum et cursus ac, vestibulum vel nisl. Sed in massa iaculis, facilisis ante vitae, blandit nisl. Nulla eu egestas mauris. Pellentesque ut quam nisl. '),
(108, 2, 46, 2, 'Nam non urna libero. Mauris pretium libero sit amet nunc commodo, ultrices imperdiet magna sodales. Aenean ac velit eu mi tristique pellentesque sed pulvinar ligula. Nunc eu dignissim diam. Pellentesque porttitor faucibus risus, eget pretium nisi dignissim lobortis. Praesent massa purus, vulputate ac magna non, bibendum maximus quam. Mauris non faucibus odio, at posuere enim. Quisque luctus mi a erat tincidunt eleifend. Nullam fringilla ligula ligula, a sagittis neque ultrices ullamcorper. Phasellus volutpat nibh quis ligula cursus, in commodo odio euismod. Aenean non interdum mauris. '),
(109, 2, 35, 1, 'Pellentesque mattis aliquet neque. Vivamus vestibulum lectus et elit dignissim auctor. Phasellus quis mauris in mi bibendum ultrices vitae et est. Curabitur et cursus dui. Praesent interdum in quam eu sollicitudin. Integer ultricies quis purus quis posuere. Praesent vitae augue pulvinar, finibus justo at, pharetra lacus. Aliquam blandit nisl posuere augue feugiat, sit amet faucibus justo ultricies. Aenean et vestibulum sapien. Donec porttitor mattis tristique. '),
(110, 1, 9, 2, 'Etiam egestas, augue eu porttitor tempor, sapien nunc pretium orci, ut placerat mauris dolor porttitor lorem. Suspendisse quam velit, vehicula nec aliquet viverra, viverra ac libero. Nullam vitae sem ut elit mollis mattis eget vitae massa. Cras lacinia eu ante nec interdum. Curabitur ac ipsum congue, tempus sem eget, bibendum est. Nullam sit amet arcu nec velit tincidunt porta. Nulla et pulvinar augue. Vivamus id enim justo. Donec ac est sapien. Nunc rhoncus orci tortor, quis lobortis mauris volutpat id. '),
(111, 3, 15, 1, 'Sed ex dolor, dapibus eu viverra id, fermentum non dolor. Duis dignissim mattis dignissim. Aliquam sollicitudin placerat vehicula. Ut ut sapien a velit ultricies dignissim. Nam scelerisque metus varius eros venenatis dapibus. Duis sed ultricies diam, et lacinia nisi. Mauris scelerisque tincidunt orci eget fermentum. Ut tempor, quam in gravida congue, odio orci finibus tellus, non interdum augue nulla ut dolor. Donec pretium lorem sed justo euismod, ut feugiat eros viverra. Suspendisse potenti. Aenean felis sapien, feugiat non faucibus nec, commodo et leo. Integer sed purus ac eros egestas interdum. Morbi eleifend aliquam leo, eget pellentesque est consequat dictum. Phasellus nulla quam, eleifend in eros vitae, rhoncus cursus sem. Maecenas suscipit urna ac justo molestie, eu venenatis mi vehicula. Donec a placerat mauris, in aliquam dui. '),
(112, 1, 1, 1, 'Sed eget facilisis neque. Aliquam sed lectus justo. Vivamus eget ante et turpis blandit molestie ac rutrum arcu. Vivamus laoreet posuere ullamcorper. In tempus, orci sed imperdiet porta, eros neque tempus enim, quis finibus lectus nibh posuere odio. Class aptent taciti sociosqu ad litora torquent per conubia nostra, per inceptos himenaeos. Class aptent taciti sociosqu ad litora torquent per conubia nostra, per inceptos himenaeos. Mauris semper mi vitae dui varius tincidunt. Praesent et nibh egestas, vehicula felis sit amet, varius dolor. Nam nec tincidunt orci. Sed blandit urna in ante pulvinar dignissim. Vivamus mattis eu turpis eget dignissim. Cras vel mollis massa. Donec scelerisque, nulla et placerat sagittis, dui tortor sagittis orci, sed ultrices tortor elit vitae dolor. Phasellus consequat diam sed augue tincidunt mollis. '),
(113, 1, 15, 1, 'Ut malesuada dapibus massa, et euismod nulla condimentum nec. Nulla lacinia ac erat at posuere. Nunc placerat feugiat ante quis sollicitudin. Maecenas sodales, tortor a auctor imperdiet, odio metus sollicitudin justo, sed interdum nibh diam et odio. Fusce pulvinar magna nec sagittis varius. In viverra convallis nisi a convallis. Maecenas sed velit pharetra, imperdiet ex vitae, porta tortor. Aliquam non nibh nisl. Vivamus sed vestibulum urna. Vestibulum ornare, erat a luctus ullamcorper, velit lectus rhoncus mauris, nec posuere eros velit eu urna. Integer vel velit id lacus aliquam rutrum et et nunc. Curabitur mattis sem fringilla, rhoncus enim eu, volutpat libero. Curabitur rhoncus sollicitudin lectus, a ornare felis consequat nec. Sed ac orci quam. Suspendisse pretium fringilla justo a pulvinar. '),
(114, 2, 5, 4, 'Nulla sodales scelerisque tempus. Etiam non turpis volutpat, sollicitudin urna vulputate, cursus elit. Fusce placerat enim odio, eu pretium ipsum accumsan ut. Aenean eget turpis sed nisl facilisis ultrices et id dolor. Maecenas tempor massa sit amet tortor ultrices, vel gravida augue dignissim. Sed ultrices, tortor vel ultricies sodales, felis neque vestibulum augue, id luctus nibh massa id felis. Donec posuere vestibulum lorem vitae sagittis. Fusce rhoncus justo in risus scelerisque, eu bibendum erat dignissim. Donec quis pulvinar libero, eu rhoncus diam. '),
(115, 1, 19, 1, 'Nam dui erat, dignissim in blandit dignissim, sollicitudin vel odio. Cum sociis natoque penatibus et magnis dis parturient montes, nascetur ridiculus mus. Cras elit eros, suscipit ac maximus ut, aliquam sed nisi. Phasellus tristique ex id euismod sodales. Ut lectus felis, commodo id quam sed, vehicula vulputate nulla. Donec gravida interdum ex eget bibendum. Pellentesque habitant morbi tristique senectus et netus et malesuada fames ac turpis egestas. Etiam quam sapien, laoreet ac lectus nec, pellentesque mattis elit. Nunc dignissim, magna at pellentesque gravida, leo urna lobortis eros, auctor vulputate ligula dui eget metus. Sed eget turpis fermentum, aliquam lorem eget, imperdiet dolor. Nunc eu sapien dictum, bibendum sem eu, dapibus magna. Nunc convallis vestibulum arcu a tempus. Cras commodo leo metus, eu sollicitudin nibh congue quis. '),
(116, 2, 4, 3, 'In efficitur, felis vitae volutpat lacinia, mauris massa tristique urna, at auctor nisl augue eu est. Curabitur rutrum malesuada suscipit. Fusce et malesuada enim. Sed id interdum magna. Pellentesque habitant morbi tristique senectus et netus et malesuada fames ac turpis egestas. Vestibulum ante ipsum primis in faucibus orci luctus et ultrices posuere cubilia Curae; Cras eu efficitur diam, ac scelerisque ante. Nullam ornare fermentum ipsum, nec pellentesque dui mattis in. Donec consequat at lorem sed posuere. Sed tempus enim lorem, vitae rhoncus lectus aliquet luctus. Vivamus nec lacus cursus, volutpat mi id, mattis ex. Curabitur euismod lobortis commodo. '),
(117, 1, 9, 5, 'Donec vel odio nisl. Phasellus nunc nisi, luctus ac nibh at, rutrum vehicula justo. In hac habitasse platea dictumst. Ut sollicitudin lacus eget ligula venenatis, id sagittis felis tristique. Integer eget diam consequat, semper tellus et, rutrum libero. In non neque quis erat luctus maximus. Fusce fermentum lectus velit, sed auctor ante tempus vel. Suspendisse id purus congue, feugiat nulla quis, malesuada enim. Morbi feugiat, sapien vitae sodales iaculis, erat dui feugiat risus, et dapibus erat nisi sit amet ante. Duis ex purus, viverra ac eleifend eget, pretium eu arcu. Donec cursus, velit id varius ullamcorper, justo est dapibus neque, nec auctor orci velit ac tellus. Vestibulum sit amet leo id lectus bibendum euismod id vitae arcu. Cras interdum lobortis ligula, at auctor leo varius ut. Nulla ante velit, sodales at dignissim placerat, mattis ac purus. '),
(118, 1, 48, 3, 'Morbi sollicitudin dolor est, at rutrum est molestie eget. Sed eros ligula, sodales pulvinar mauris eu, scelerisque volutpat ex. Etiam risus justo, efficitur nec dolor sed, rutrum sagittis quam. Nulla sit amet sem ante. Sed consequat, ipsum vitae ultricies vulputate, orci massa facilisis velit, vel lobortis enim enim id lacus. Curabitur fermentum ultricies massa, sit amet ullamcorper ligula elementum ut. Pellentesque lobortis fringilla interdum. Sed tempor venenatis dolor sit amet tincidunt. Cras est metus, mattis in ultricies in, dapibus a felis. Nullam in sem quis risus faucibus feugiat eget varius ipsum. '),
(119, 1, 37, 1, 'Fusce tortor nisi, scelerisque eget semper eget, imperdiet ut ligula. Donec sit amet mauris eleifend, rhoncus ligula et, faucibus felis. Praesent faucibus tellus eu accumsan ultricies. Etiam elementum nisi ut ipsum lacinia commodo. Sed venenatis efficitur sem vitae feugiat. Morbi laoreet sapien id quam imperdiet venenatis eget nec tellus. Phasellus gravida elit eget molestie volutpat. Donec consectetur ex lectus, sed porta elit lacinia at. '),
(120, 2, 55, 1, 'Vestibulum blandit elit sed pellentesque sodales. Vestibulum luctus sapien vel magna fringilla tincidunt. In mauris nisi, luctus id volutpat non, efficitur sed dui. Donec suscipit dolor a elementum facilisis. Donec posuere lacinia arcu, a blandit lacus dictum vel. Duis in dui sit amet nisi commodo tincidunt. Donec fringilla justo magna, sit amet efficitur lorem malesuada vitae. In quis laoreet nibh, ut ullamcorper erat. Praesent non efficitur sapien. Sed risus ipsum, tempor id metus id, pellentesque rhoncus lectus. Ut in iaculis velit, vitae interdum ligula. Ut volutpat efficitur purus, sed euismod odio dapibus eu. Nulla id diam dui. Quisque ultricies dignissim nisi ac porttitor. Sed laoreet augue vestibulum, efficitur tortor non, fermentum sem. Mauris maximus volutpat lacus, non malesuada neque. '),
(121, 1, 18, 4, 'Nullam condimentum egestas arcu et congue. Nulla facilisi. Duis vestibulum finibus vulputate. Praesent molestie tincidunt neque eu lobortis. Curabitur tellus dui, pulvinar ut pulvinar eu, dictum ut lectus. Cras vestibulum sem quis condimentum feugiat. Curabitur commodo pretium enim, id facilisis turpis commodo non. Nullam ac congue est. Vestibulum pharetra turpis eget ligula scelerisque molestie. '),
(122, 2, 7, 3, 'Aliquam suscipit diam vel augue ultricies ultrices. Aenean nisi nibh, maximus in purus sed, suscipit gravida sem. Morbi elementum arcu velit. Fusce eget viverra nisi. Nullam a mauris fermentum, fermentum lacus eget, ornare erat. Pellentesque habitant morbi tristique senectus et netus et malesuada fames ac turpis egestas. Maecenas ullamcorper purus sed velit tincidunt faucibus. Donec nec gravida felis, nec sollicitudin metus. Suspendisse potenti. Etiam vitae lectus placerat, dictum tellus sed, gravida lectus. Vivamus mi ex, ullamcorper condimentum aliquet sit amet, pulvinar vitae tortor. '),
(123, 2, 3, 1, 'Vivamus nec odio nisi. In hac habitasse platea dictumst. Pellentesque vehicula facilisis venenatis. Nam non eros pellentesque, interdum nulla sed, laoreet justo. Morbi eu augue eu sem semper interdum. Aliquam venenatis luctus sem in accumsan. Vivamus vitae dignissim ligula, a volutpat velit. '),
(124, 3, 21, 1, 'Vivamus maximus eros sed massa pellentesque, sit amet elementum nibh vulputate. Vestibulum consequat molestie cursus. Praesent quis facilisis sem. Nulla facilisi. Phasellus mattis, neque accumsan dapibus interdum, mauris turpis malesuada eros, non imperdiet ex lorem vitae elit. Vivamus elementum tellus id ante facilisis laoreet. Nulla molestie mi nec nisl accumsan, ut suscipit est convallis. Mauris suscipit quis lacus ut ultricies. Nullam dictum nunc odio, sed pretium libero aliquet ac. Nullam egestas ultrices eleifend. Aliquam vitae ex ut tortor imperdiet maximus. Suspendisse potenti. '),
(125, 1, 41, 1, 'Phasellus tincidunt malesuada accumsan. Praesent turpis erat, sodales quis nisi vitae, scelerisque mollis purus. Phasellus vehicula dui dapibus, porttitor erat vitae, porta augue. Aliquam sed vulputate purus. Cras non ipsum orci. Pellentesque a odio dui. Pellentesque felis justo, volutpat non ligula ut, ultricies ullamcorper lorem. Donec aliquam odio in ullamcorper convallis. Suspendisse massa magna, semper quis ex id, faucibus viverra risus. Maecenas nec velit erat. Proin nec augue lorem. Cras dapibus purus non vehicula varius. Fusce arcu eros, tristique a ex vel, vehicula tempor mauris. Nulla in massa lacus. '),
(126, 3, 13, 5, 'Ut malesuada dapibus massa, et euismod nulla condimentum nec. Nulla lacinia ac erat at posuere. Nunc placerat feugiat ante quis sollicitudin. Maecenas sodales, tortor a auctor imperdiet, odio metus sollicitudin justo, sed interdum nibh diam et odio. Fusce pulvinar magna nec sagittis varius. In viverra convallis nisi a convallis. Maecenas sed velit pharetra, imperdiet ex vitae, porta tortor. Aliquam non nibh nisl. Vivamus sed vestibulum urna. Vestibulum ornare, erat a luctus ullamcorper, velit lectus rhoncus mauris, nec posuere eros velit eu urna. Integer vel velit id lacus aliquam rutrum et et nunc. Curabitur mattis sem fringilla, rhoncus enim eu, volutpat libero. Curabitur rhoncus sollicitudin lectus, a ornare felis consequat nec. Sed ac orci quam. Suspendisse pretium fringilla justo a pulvinar. '),
(127, 3, 50, 4, 'Morbi sem erat, suscipit sit amet dui sit amet, faucibus pharetra urna. Vivamus ante nisi, consequat id ornare in, imperdiet sit amet neque. Aenean at risus porttitor dolor dictum sagittis. In pharetra, urna sed tempus volutpat, felis ante elementum metus, vel ornare eros ipsum nec lacus. Nam tempus lorem ut tellus tincidunt, consectetur volutpat orci euismod. Duis in dolor tortor. Cras auctor malesuada elit. Duis egestas, mi at commodo blandit, tellus ligula elementum tortor, ut faucibus lacus leo in nibh. In scelerisque elit nunc, porttitor viverra ante porta nec. In auctor augue ipsum, eu condimentum metus mattis nec. Class aptent taciti sociosqu ad litora torquent per conubia nostra, per inceptos himenaeos. '),
(128, 3, 34, 3, 'Nunc a augue tempor, lacinia lorem ut, vehicula sapien. Duis suscipit maximus fermentum. Praesent ultrices mauris eget eleifend convallis. Maecenas nulla augue, rhoncus at vulputate quis, vehicula et odio. Cras a diam porttitor, tempus magna ut, tempus elit. Sed lobortis mauris tellus, non convallis nibh consectetur non. Quisque fringilla eros vitae tempus ullamcorper. Nam nisi sem, pharetra ut ipsum et, semper varius felis. '),
(129, 2, 13, 3, 'Suspendisse cursus porttitor diam vel vestibulum. Aliquam erat volutpat. Suspendisse vitae purus ut lacus tempus rutrum. Quisque tincidunt eget felis vitae eleifend. Sed congue eros eu enim venenatis, nec hendrerit ante imperdiet. Etiam fringilla finibus nisi. Suspendisse potenti. Nullam eget magna vitae lacus porta accumsan. Donec vel libero nibh. '),
(130, 2, 1, 4, 'Interdum et malesuada fames ac ante ipsum primis in faucibus. Aenean iaculis turpis eleifend sodales imperdiet. Mauris a magna turpis. Mauris elementum ipsum non mauris aliquet eleifend. Donec diam justo, mollis vel pellentesque non, aliquet vitae leo. Ut bibendum elit id elementum tincidunt. Praesent condimentum malesuada nibh, et mattis felis feugiat vel. Quisque non lectus ut dolor dictum ullamcorper in vitae velit. Nulla finibus turpis ac nisl laoreet vehicula. '),
(131, 2, 45, 2, 'Vivamus maximus eros sed massa pellentesque, sit amet elementum nibh vulputate. Vestibulum consequat molestie cursus. Praesent quis facilisis sem. Nulla facilisi. Phasellus mattis, neque accumsan dapibus interdum, mauris turpis malesuada eros, non imperdiet ex lorem vitae elit. Vivamus elementum tellus id ante facilisis laoreet. Nulla molestie mi nec nisl accumsan, ut suscipit est convallis. Mauris suscipit quis lacus ut ultricies. Nullam dictum nunc odio, sed pretium libero aliquet ac. Nullam egestas ultrices eleifend. Aliquam vitae ex ut tortor imperdiet maximus. Suspendisse potenti. '),
(132, 2, 29, 1, 'Sed vehicula tortor sed rhoncus viverra. Suspendisse porta orci nulla, consectetur consequat nunc fermentum a. Aliquam ut ultricies mauris, vitae porta nibh. Curabitur libero ligula, pellentesque quis metus ac, fermentum tincidunt purus. Nunc porta in neque ac volutpat. Phasellus tincidunt mattis ex, eget vulputate ligula hendrerit quis. Nunc maximus sagittis leo elementum sollicitudin. Cras tincidunt consequat sagittis. Nullam quis augue nibh. Cras sollicitudin blandit diam in finibus. Duis molestie bibendum ante vel mollis. Donec vitae nunc blandit, tincidunt lectus eu, cursus arcu. '),
(133, 2, 65, 4, 'Morbi sodales eleifend ligula hendrerit dignissim. Mauris iaculis sollicitudin tincidunt. Nunc tempor semper quam vitae luctus. Nunc eu porttitor odio, non sodales nibh. In hac habitasse platea dictumst. Nunc et facilisis nunc, ac pharetra est. Aliquam ultrices iaculis faucibus. Nam egestas iaculis feugiat. Maecenas tempor maximus metus. Duis rutrum lacus ligula. Cras eu nulla eros. Aenean sit amet suscipit tortor. Nullam et lobortis lacus, sed venenatis odio. Suspendisse id enim in eros facilisis dignissim sed quis dolor. Aliquam lectus nisl, vehicula vel fermentum non, sagittis eu lacus. '),
(134, 2, 36, 4, 'Phasellus in neque at arcu gravida iaculis a ut massa. Maecenas eget elit velit. Quisque eu ligula eleifend magna consectetur tristique sed vitae est. Morbi at nulla id ligula vehicula imperdiet eget quis lacus. Maecenas in interdum mauris. Class aptent taciti sociosqu ad litora torquent per conubia nostra, per inceptos himenaeos. Donec euismod nisi sit amet metus tincidunt dapibus. Donec tincidunt, nisl at euismod mattis, augue tellus facilisis quam, vitae luctus mauris lacus et neque. Pellentesque habitant morbi tristique senectus et netus et malesuada fames ac turpis egestas. In hac habitasse platea dictumst. '),
(135, 3, 55, 4, 'Donec arcu tortor, pellentesque in sem quis, blandit gravida massa. Pellentesque habitant morbi tristique senectus et netus et malesuada fames ac turpis egestas. Nullam id condimentum lorem. Morbi convallis, mauris sit amet aliquet pellentesque, elit risus porttitor sapien, nec bibendum nunc ligula posuere sapien. Nullam sodales metus at quam accumsan rutrum. Maecenas a odio viverra purus sodales imperdiet a nec velit. Quisque dignissim justo vel commodo tincidunt. Nulla facilisis lacus leo, eget dapibus leo maximus at. Sed fringilla hendrerit ligula, in maximus quam placerat sed. Quisque vel tellus nisi. Praesent egestas mollis sodales. Suspendisse sodales nulla eu arcu dignissim rhoncus. Curabitur mollis urna at maximus consequat. '),
(136, 3, 5, 1, 'Maecenas ipsum diam, blandit non elit ac, efficitur pellentesque enim. Morbi vel feugiat turpis, non dignissim urna. Suspendisse dignissim rhoncus ante id rutrum. Nam feugiat auctor erat et condimentum. Nullam eleifend ac dui et vulputate. Sed at sapien a lacus aliquet fringilla. In justo dolor, finibus non accumsan sit amet, varius vitae libero. Praesent eu vestibulum lorem. Vestibulum eget ante faucibus, facilisis risus sed, feugiat felis. Vivamus ac molestie augue. '),
(137, 1, 66, 4, 'Quisque iaculis nisl in justo molestie feugiat. Morbi convallis purus at hendrerit dapibus. Curabitur consequat viverra est id condimentum. Proin non neque nec turpis tempor porttitor ac et elit. Morbi faucibus sagittis leo vitae ultricies. Ut tristique pulvinar mattis. Integer dignissim orci nisi. Curabitur eget orci varius felis scelerisque sollicitudin id non mauris. '),
(138, 2, 52, 2, 'Suspendisse tempor lacinia rutrum. Duis laoreet, nulla at porta pulvinar, nulla purus congue magna, ut porttitor erat tellus vitae ex. Praesent non viverra diam. Curabitur pretium eros purus, eget vulputate justo gravida eget. Mauris id elit nibh. Nulla auctor, ligula eu aliquam vehicula, purus tortor euismod ante, vel cursus erat tortor vitae arcu. Nullam enim arcu, posuere id ultrices eget, sodales non nisl. Sed commodo ex id nisl dapibus, aliquet scelerisque orci pellentesque. Cras porta mattis diam id efficitur. Donec ac dictum augue. '),
(139, 2, 13, 5, 'Suspendisse a interdum risus. Vivamus eget est quis nunc rutrum auctor. Quisque orci est, condimentum vitae neque a, semper dapibus risus. Aenean sit amet ornare massa. Quisque tempor auctor consequat. Maecenas a eros neque. Donec scelerisque lobortis metus, ut consequat felis commodo vulputate. In interdum lacus magna, vel vulputate sapien elementum sed. Etiam vestibulum nisi sed mattis fringilla. Sed consequat ornare elit, ac blandit velit venenatis ut. Nunc facilisis eget lorem eu facilisis. Etiam ullamcorper ipsum non vehicula volutpat. '),
(140, 3, 29, 3, 'Donec est neque, lobortis ut ante a, congue pretium quam. Ut nec dolor sed tellus malesuada tincidunt. Donec vel lectus nec enim finibus sodales vel a odio. Suspendisse porta lectus nec aliquet gravida. Duis sapien sapien, luctus eleifend ligula eget, blandit fringilla enim. Vestibulum sed tortor eget nibh mattis placerat. Cum sociis natoque penatibus et magnis dis parturient montes, nascetur ridiculus mus. Maecenas viverra commodo dui id tincidunt. '),
(141, 2, 14, 4, 'Sed vehicula tortor sed rhoncus viverra. Suspendisse porta orci nulla, consectetur consequat nunc fermentum a. Aliquam ut ultricies mauris, vitae porta nibh. Curabitur libero ligula, pellentesque quis metus ac, fermentum tincidunt purus. Nunc porta in neque ac volutpat. Phasellus tincidunt mattis ex, eget vulputate ligula hendrerit quis. Nunc maximus sagittis leo elementum sollicitudin. Cras tincidunt consequat sagittis. Nullam quis augue nibh. Cras sollicitudin blandit diam in finibus. Duis molestie bibendum ante vel mollis. Donec vitae nunc blandit, tincidunt lectus eu, cursus arcu. '),
(142, 3, 50, 5, 'Pellentesque egestas consectetur ipsum vel placerat. Praesent a blandit nisi, ut aliquet ante. Suspendisse eget egestas massa. Proin sodales ornare ligula, mattis tincidunt lacus bibendum ac. Suspendisse cursus mauris sed ante pulvinar, ut accumsan lorem vestibulum. Duis at velit lectus. Mauris pretium erat ut dignissim ornare. In ante tortor, pretium eu magna in, mattis sollicitudin tellus. Interdum et malesuada fames ac ante ipsum primis in faucibus. Donec eu ligula ornare, tincidunt elit sit amet, dapibus libero. Quisque risus ante, hendrerit id turpis vel, pretium mattis ligula. Cras sed dictum nisi, sit amet pulvinar lorem. Nunc maximus efficitur lorem quis ultricies. '),
(143, 2, 52, 5, 'Lorem ipsum dolor sit amet, consectetur adipiscing elit. Phasellus non dignissim tortor. Pellentesque lacus libero, porta id tortor eu, sollicitudin accumsan metus. Integer nec orci ut velit efficitur suscipit non in orci. Morbi justo orci, vulputate ut tempus vel, tincidunt sed turpis. Fusce ultricies elit neque, ut pulvinar lorem ultrices vitae. Praesent luctus turpis nec tincidunt lobortis. Nam a velit tortor. Maecenas sed eleifend purus, at porta quam. '),
(144, 1, 34, 2, 'Morbi sapien diam, bibendum eu congue ac, tristique at sem. Maecenas ultricies facilisis metus, sit amet lobortis enim sagittis vel. Nam vestibulum imperdiet est nec imperdiet. Ut varius molestie nulla non suscipit. Etiam malesuada lectus non quam suscipit consectetur. Integer vehicula augue vitae orci tristique luctus. Proin libero velit, posuere et feugiat at, posuere ut massa. Cras rhoncus maximus risus vel pretium. Quisque quis tristique metus, ac tincidunt turpis. '),
(145, 1, 44, 2, 'Pellentesque iaculis elit eget urna ornare ultrices. Morbi et dignissim lacus. Sed sodales velit libero, luctus mollis nisi dignissim eget. Praesent iaculis nec erat sed congue. Maecenas convallis ligula justo, in placerat risus mattis sed. Aenean iaculis pellentesque est sed tempor. Aenean et viverra risus. Curabitur viverra turpis felis, molestie gravida libero ullamcorper ac. Aliquam erat volutpat. Sed blandit condimentum orci in iaculis. '),
(146, 3, 30, 1, 'Nunc efficitur varius ultrices. Proin non est et nulla egestas porttitor ut vitae eros. Nam vel lacus ut velit rutrum euismod vel at est. Ut consectetur, enim quis varius vehicula, elit urna bibendum ligula, at rutrum dolor eros tincidunt nunc. Quisque cursus et nibh sit amet egestas. Proin id fringilla arcu. Etiam id metus non arcu malesuada vestibulum. Nam id nisi iaculis augue tincidunt lobortis a id orci. Morbi tempus libero ligula, commodo faucibus lectus vestibulum in. Curabitur sit amet magna lacus. Vestibulum ullamcorper, quam ut tempus vulputate, mauris nunc dapibus enim, eu ullamcorper nunc turpis ut felis. Nullam dignissim at metus eget sodales. Etiam mi nibh, molestie molestie orci id, tempor ullamcorper massa. Ut ullamcorper at sapien sed convallis. Nullam quis lectus porta odio ultricies semper id id arcu. '),
(147, 1, 39, 5, 'Phasellus in neque at arcu gravida iaculis a ut massa. Maecenas eget elit velit. Quisque eu ligula eleifend magna consectetur tristique sed vitae est. Morbi at nulla id ligula vehicula imperdiet eget quis lacus. Maecenas in interdum mauris. Class aptent taciti sociosqu ad litora torquent per conubia nostra, per inceptos himenaeos. Donec euismod nisi sit amet metus tincidunt dapibus. Donec tincidunt, nisl at euismod mattis, augue tellus facilisis quam, vitae luctus mauris lacus et neque. Pellentesque habitant morbi tristique senectus et netus et malesuada fames ac turpis egestas. In hac habitasse platea dictumst. '),
(148, 1, 21, 2, 'Duis placerat dui vitae quam elementum posuere. Integer suscipit pharetra diam at rutrum. Duis facilisis tincidunt ipsum, vitae finibus lorem. Pellentesque ante purus, laoreet sit amet tristique ac, facilisis sit amet mauris. Nunc diam nulla, aliquam eget cursus sed, venenatis eget augue. Suspendisse lobortis convallis ligula vel sodales. Ut a tincidunt orci. Pellentesque scelerisque vestibulum nisl id vestibulum. Duis eu turpis viverra, porttitor nisl sit amet, congue metus. Suspendisse pretium dui eget tristique dignissim. Nullam nec mi quis est congue interdum. '),
(149, 3, 22, 5, 'Vivamus sollicitudin mattis enim, at porta nulla pharetra sagittis. Proin vel dui ac mauris pharetra aliquet. Maecenas vel quam commodo, aliquet ex vel, condimentum ligula. Vivamus pharetra leo nisi, eu faucibus felis egestas sit amet. Praesent risus tortor, hendrerit sed felis et, fringilla viverra nisi. Nam felis urna, aliquet sed dictum in, faucibus id lectus. Etiam tempus eros ultrices risus facilisis efficitur. Sed ornare aliquet justo, vel ullamcorper lectus molestie eu. Nunc suscipit in mi ut cursus. Nullam hendrerit tincidunt cursus. '),
(150, 2, 56, 4, 'Phasellus vel tempus ante. Sed in eros nec metus commodo eleifend. Etiam posuere urna ut dolor efficitur blandit. Aliquam maximus urna blandit, lacinia diam nec, facilisis dui. Integer consectetur ante vitae vehicula pretium. Sed iaculis vestibulum leo. Phasellus pretium urna dolor. In non lacinia risus. Sed nec diam sed enim bibendum tincidunt eget sed turpis. '),
(151, 1, 41, 3, 'Sed ex dolor, dapibus eu viverra id, fermentum non dolor. Duis dignissim mattis dignissim. Aliquam sollicitudin placerat vehicula. Ut ut sapien a velit ultricies dignissim. Nam scelerisque metus varius eros venenatis dapibus. Duis sed ultricies diam, et lacinia nisi. Mauris scelerisque tincidunt orci eget fermentum. Ut tempor, quam in gravida congue, odio orci finibus tellus, non interdum augue nulla ut dolor. Donec pretium lorem sed justo euismod, ut feugiat eros viverra. Suspendisse potenti. Aenean felis sapien, feugiat non faucibus nec, commodo et leo. Integer sed purus ac eros egestas interdum. Morbi eleifend aliquam leo, eget pellentesque est consequat dictum. Phasellus nulla quam, eleifend in eros vitae, rhoncus cursus sem. Maecenas suscipit urna ac justo molestie, eu venenatis mi vehicula. Donec a placerat mauris, in aliquam dui. '),
(152, 3, 55, 4, 'Aenean eget nisi elit. Nam finibus auctor nisi quis tristique. Integer porta est lectus. Sed gravida, risus sed luctus lacinia, nibh tellus suscipit arcu, quis aliquet turpis ipsum at odio. Cras ac blandit elit. Praesent elit leo, egestas id nunc posuere, varius tristique risus. Sed consectetur porttitor augue, eget suscipit ex mattis a. Donec rutrum libero ut libero rutrum bibendum. Aliquam imperdiet mauris in aliquam aliquam. Cras sit amet faucibus nulla, at dictum velit. Interdum et malesuada fames ac ante ipsum primis in faucibus. Donec finibus convallis ipsum sit amet sollicitudin. '),
(153, 2, 14, 2, 'Donec lacinia, elit sed vulputate placerat, lorem sem cursus augue, ut aliquam orci nisl porttitor dolor. Donec molestie suscipit aliquam. Suspendisse vel quam orci. In in vestibulum velit, at dapibus purus. Ut faucibus eros eget mi ullamcorper, eget semper ante ullamcorper. Pellentesque congue bibendum orci, at aliquam ipsum suscipit non. Interdum et malesuada fames ac ante ipsum primis in faucibus. Mauris elementum convallis libero eu suscipit. Proin malesuada enim at dui faucibus porttitor. Proin sed elit sem. '),
(154, 2, 65, 3, 'Aliquam sed nunc nec nunc scelerisque porta. Donec egestas pellentesque sollicitudin. Sed metus lectus, malesuada eu elementum non, molestie non ante. In condimentum lectus velit, sit amet consectetur velit malesuada sit amet. Cras ultricies vulputate nulla nec suscipit. Aliquam vitae turpis quis quam aliquam luctus. Vivamus accumsan imperdiet scelerisque. Nunc dolor lacus, molestie ac efficitur eget, posuere maximus nisl. Quisque vulputate auctor magna, ac placerat tortor convallis eu. '),
(155, 1, 57, 1, 'Nulla sodales scelerisque tempus. Etiam non turpis volutpat, sollicitudin urna vulputate, cursus elit. Fusce placerat enim odio, eu pretium ipsum accumsan ut. Aenean eget turpis sed nisl facilisis ultrices et id dolor. Maecenas tempor massa sit amet tortor ultrices, vel gravida augue dignissim. Sed ultrices, tortor vel ultricies sodales, felis neque vestibulum augue, id luctus nibh massa id felis. Donec posuere vestibulum lorem vitae sagittis. Fusce rhoncus justo in risus scelerisque, eu bibendum erat dignissim. Donec quis pulvinar libero, eu rhoncus diam. '),
(156, 1, 4, 3, 'Donec molestie ultricies felis nec iaculis. Cras eu lobortis mi. In hac habitasse platea dictumst. Morbi in nunc mi. Cras posuere ac turpis in auctor. Maecenas nec tortor arcu. Cras vel blandit mi. Cras fringilla tristique ullamcorper. Ut egestas ante quis viverra facilisis. Sed rhoncus magna mollis nisl tincidunt ornare. Integer id eros et nisi fermentum molestie pretium et sapien. Proin at sagittis sapien. Cras aliquam quam arcu, vitae ornare felis rhoncus eget. Aenean pharetra sagittis nibh nec sagittis. Morbi rhoncus eleifend lacus non tempor. Curabitur at tristique turpis, ut mattis nisi. '),
(157, 1, 20, 4, 'Vivamus lectus risus, elementum ut urna id, lobortis malesuada mauris. Curabitur vitae semper turpis. Nam egestas at sem quis facilisis. Phasellus sollicitudin, lectus at posuere rhoncus, est nisl faucibus nunc, et commodo turpis metus quis sem. Interdum et malesuada fames ac ante ipsum primis in faucibus. Donec viverra eu libero eu hendrerit. In auctor, enim a congue efficitur, lorem nulla porttitor ante, sit amet venenatis ante felis sit amet enim. Aliquam in turpis eu lacus auctor dapibus a a velit. Pellentesque elit augue, eleifend at volutpat eu, sollicitudin vitae nisl. Vestibulum nec hendrerit justo. Phasellus tortor magna, cursus sed cursus vitae, sollicitudin ac magna. Vestibulum egestas, nisi eget mollis aliquet, massa arcu semper eros, vitae pulvinar massa velit nec mi. Fusce elementum enim at accumsan vulputate. Vivamus in leo urna. Aenean cursus venenatis rhoncus. '),
(158, 2, 54, 3, 'Curabitur at hendrerit nisi, imperdiet porttitor lectus. Integer interdum, ex non convallis elementum, ligula dolor porta sapien, quis maximus nisl turpis eu ante. Mauris quis velit sit amet tortor ultricies tincidunt vel a erat. Nam non erat sed ex volutpat rutrum. In id risus ut eros ultricies accumsan. Ut ante urna, accumsan in volutpat eu, semper eget odio. Quisque nisi lacus, aliquam in suscipit ac, venenatis non metus. Suspendisse potenti. Nam sodales vehicula arcu, in elementum elit. Sed vulputate a urna in malesuada. Nunc ac porttitor diam. Sed ut justo non purus placerat aliquam nec sit amet velit. Aenean facilisis dolor metus, ut tincidunt velit varius at. In et pulvinar eros, sit amet bibendum leo. Pellentesque ullamcorper viverra vulputate. '),
(159, 1, 21, 4, 'Vivamus nec odio nisi. In hac habitasse platea dictumst. Pellentesque vehicula facilisis venenatis. Nam non eros pellentesque, interdum nulla sed, laoreet justo. Morbi eu augue eu sem semper interdum. Aliquam venenatis luctus sem in accumsan. Vivamus vitae dignissim ligula, a volutpat velit. '),
(160, 1, 1, 3, 'Mauris eget tortor eu ante aliquet iaculis vel ut sem. Nunc dapibus gravida dolor sed rhoncus. Curabitur et rhoncus enim, et auctor purus. Etiam ligula nunc, ultrices at volutpat id, pellentesque ut justo. Morbi quis auctor dui, vitae commodo lorem. Aliquam vel interdum neque. Quisque posuere efficitur facilisis. Cras in turpis commodo, semper libero ut, pellentesque elit. Integer id massa volutpat, molestie dolor et, consequat nisl. Donec condimentum condimentum dignissim. Nunc vel tellus sed massa sollicitudin tempus. In sit amet eros arcu. Nam molestie quis lectus at blandit. Donec auctor felis at quam accumsan, non convallis leo dictum. Curabitur a enim urna. Duis nec neque purus. '),
(161, 1, 42, 4, 'Donec eget accumsan mauris. Morbi dapibus mauris vitae semper sagittis. Nullam eros dui, consectetur non est eget, ultrices accumsan quam. Phasellus cursus auctor nulla nec tristique. Cras convallis augue quis odio iaculis, nec volutpat nulla consequat. Sed eget fermentum nulla. Fusce varius volutpat purus vel tempus. Proin quis diam ut orci iaculis hendrerit vitae id ligula. '),
(162, 3, 25, 1, 'Aliquam iaculis justo id consectetur rhoncus. Vivamus fringilla tincidunt tortor in commodo. Nunc a placerat nisi. Fusce maximus dignissim libero ac tincidunt. Aliquam sagittis dapibus arcu. Nullam ac est ac purus mattis auctor nec euismod quam. Duis enim lacus, dignissim sit amet arcu finibus, tincidunt pulvinar mi. Aenean euismod, eros commodo faucibus elementum, dolor lacus vulputate dolor, in pulvinar metus sem sed enim. Ut sed diam vel augue accumsan porttitor ac eget augue. Phasellus hendrerit sollicitudin sem, eget vulputate tellus gravida eget. Etiam pretium elit purus. Donec ac malesuada diam, quis aliquet tortor. Ut hendrerit purus at mollis egestas. ');
INSERT INTO `reviews` (`id`, `user`, `product`, `grade`, `review`) VALUES
(163, 2, 66, 5, 'Quisque at rhoncus metus. Integer vitae elit ut dolor eleifend tristique id vitae eros. Maecenas mattis enim ipsum, nec ullamcorper nibh semper in. Nullam sodales ullamcorper dolor, eu efficitur dolor consequat nec. Quisque dignissim est at nunc lacinia, tempor tempor nulla iaculis. Praesent placerat, magna ac aliquam commodo, leo dui hendrerit justo, at ultrices velit nulla at nibh. Aenean a orci nec augue dictum ornare nec non lacus. In magna nisi, euismod ut ante eu, posuere rhoncus sem. Ut tempus ac libero pulvinar pulvinar. Vestibulum ante ipsum primis in faucibus orci luctus et ultrices posuere cubilia Curae; Nulla quis felis nec ex placerat dapibus. Ut vel suscipit dolor, at scelerisque est. Donec at erat sodales, commodo ante quis, porttitor nisi. Phasellus vehicula odio magna, eget faucibus ipsum tincidunt vel. '),
(164, 2, 45, 5, 'Proin sit amet tortor faucibus, porta ipsum a, feugiat sem. Interdum et malesuada fames ac ante ipsum primis in faucibus. In hac habitasse platea dictumst. Vestibulum tempus enim nec mi maximus tristique. Etiam in odio arcu. Sed id varius enim. Donec placerat erat est, nec semper metus hendrerit ut. Sed blandit pretium sem ut eleifend. Cum sociis natoque penatibus et magnis dis parturient montes, nascetur ridiculus mus. Donec tincidunt lorem at massa sollicitudin hendrerit. Aliquam lobortis ipsum lectus, quis tincidunt nibh laoreet at. Etiam ac est ac nunc convallis sodales at non felis. Morbi eu nibh rutrum, venenatis nibh nec, faucibus velit. '),
(165, 1, 11, 4, 'Proin commodo risus a lacus rutrum, vel sodales eros porta. Maecenas rutrum leo ac arcu rhoncus, eu tempor massa pulvinar. Curabitur aliquet nisl arcu, eu accumsan urna congue vitae. Suspendisse non tortor metus. Integer porttitor libero suscipit sapien porttitor tincidunt. Maecenas efficitur congue ligula. In hac habitasse platea dictumst. Vivamus porta quam ac sem volutpat, nec consectetur ex volutpat. Duis vitae scelerisque purus, quis dictum metus. Quisque convallis, justo eget posuere auctor, mi ex imperdiet quam, eu iaculis tortor ante quis nibh. Mauris sollicitudin malesuada ultricies. Pellentesque habitant morbi tristique senectus et netus et malesuada fames ac turpis egestas. Nam maximus justo nec massa interdum, pretium lobortis orci finibus. Suspendisse ut malesuada ipsum. '),
(166, 3, 44, 5, 'Suspendisse ac massa vel ligula luctus dapibus vitae consectetur ex. Proin elementum vehicula sem vel fringilla. Donec auctor tempor eros, ac pellentesque neque viverra a. Nunc a erat vehicula, porta tortor ac, hendrerit risus. Proin a tristique orci. Mauris imperdiet elit ut nisi ullamcorper pellentesque. Integer ornare diam a lacus dictum, in eleifend lorem sagittis. Sed eu lectus odio. Nam nisi quam, viverra eu commodo at, faucibus eu urna. Quisque ante lorem, euismod vel interdum vitae, mattis nec dui. Morbi ullamcorper facilisis urna vitae tincidunt. '),
(167, 3, 59, 1, 'Aliquam iaculis justo id consectetur rhoncus. Vivamus fringilla tincidunt tortor in commodo. Nunc a placerat nisi. Fusce maximus dignissim libero ac tincidunt. Aliquam sagittis dapibus arcu. Nullam ac est ac purus mattis auctor nec euismod quam. Duis enim lacus, dignissim sit amet arcu finibus, tincidunt pulvinar mi. Aenean euismod, eros commodo faucibus elementum, dolor lacus vulputate dolor, in pulvinar metus sem sed enim. Ut sed diam vel augue accumsan porttitor ac eget augue. Phasellus hendrerit sollicitudin sem, eget vulputate tellus gravida eget. Etiam pretium elit purus. Donec ac malesuada diam, quis aliquet tortor. Ut hendrerit purus at mollis egestas. '),
(168, 2, 5, 4, 'Interdum et malesuada fames ac ante ipsum primis in faucibus. Aliquam non tortor bibendum tortor ullamcorper malesuada. Donec egestas libero dui, eu pharetra lectus cursus vehicula. Fusce molestie vel justo sit amet vestibulum. Integer venenatis justo nunc, a efficitur sapien consectetur ac. Integer quis ullamcorper nisl, a lacinia mi. Ut quis dapibus orci. Fusce suscipit, dui facilisis pharetra venenatis, ante quam suscipit purus, a convallis erat justo a augue. Etiam justo nisl, suscipit non tempus in, volutpat eget sapien. Ut ut ipsum tellus. Etiam ligula odio, mattis vitae urna vel, efficitur tempor felis. '),
(169, 1, 61, 3, 'Suspendisse fringilla quam a leo luctus venenatis. Duis vitae nunc mauris. In tincidunt vel nisi a consectetur. Sed scelerisque felis ut ipsum consectetur rutrum. Cras in nulla mollis turpis consectetur porta. Morbi laoreet eu dolor id scelerisque. Lorem ipsum dolor sit amet, consectetur adipiscing elit. '),
(170, 2, 44, 1, 'Praesent vel ultrices quam. Morbi vel neque sit amet arcu vehicula eleifend. Ut varius feugiat blandit. Fusce feugiat est vehicula nunc vehicula gravida. Suspendisse potenti. Suspendisse vitae lacinia eros, vitae rutrum lacus. Nunc massa augue, molestie non finibus ut, pretium condimentum est. Cum sociis natoque penatibus et magnis dis parturient montes, nascetur ridiculus mus. Nam nunc libero, pretium non tempus feugiat, semper sed nunc. Mauris sagittis varius metus, et viverra est. Vivamus volutpat, dolor eu fermentum ultricies, tellus lectus cursus enim, id pharetra orci purus tincidunt sapien. Aliquam vitae sapien mauris. '),
(171, 1, 1, 5, 'Nunc laoreet nulla in justo suscipit fringilla. Proin tempor sagittis nulla, aliquet eleifend ex. Praesent faucibus nisl vitae sem vehicula, id ultricies neque tincidunt. Proin justo mi, molestie id rutrum non, aliquet sed velit. Vivamus in mattis nulla. Morbi eu ex diam. Nunc quis venenatis lorem, eu tristique enim. Praesent scelerisque, mi nec pharetra placerat, nunc velit ultricies justo, in dapibus lectus nibh ac mi. Phasellus id massa non erat pellentesque suscipit. '),
(172, 1, 12, 5, 'Maecenas lacinia est eu nisi molestie placerat. Fusce bibendum ultrices tincidunt. Donec sit amet leo et justo iaculis interdum. Mauris in ante sollicitudin, commodo magna nec, mollis quam. Sed sed posuere massa. Maecenas vel dolor et lacus vestibulum condimentum. Cras rhoncus auctor sem, sit amet tincidunt dolor posuere at. Duis convallis interdum consectetur. Pellentesque mollis purus nunc, quis ultrices elit egestas eget. Proin sit amet ultricies libero. Phasellus auctor rutrum urna, tincidunt fringilla urna cursus et. Donec luctus ex in commodo tincidunt. In venenatis laoreet rutrum. Cras vel tristique ex. Nam tincidunt est ut mauris tristique, nec aliquet tellus suscipit. '),
(173, 2, 60, 1, 'Vivamus in ex sed nisi porta mollis id luctus nulla. Curabitur elit dolor, maximus vel malesuada at, elementum ut leo. Maecenas nisl velit, hendrerit ac lorem nec, pulvinar luctus nisi. Curabitur sit amet lectus varius, placerat purus eu, laoreet nunc. Class aptent taciti sociosqu ad litora torquent per conubia nostra, per inceptos himenaeos. Aenean tellus velit, euismod sed lectus eget, tempus congue dolor. Phasellus rhoncus felis ut ipsum facilisis efficitur. '),
(174, 2, 25, 4, 'Sed vehicula tortor sed rhoncus viverra. Suspendisse porta orci nulla, consectetur consequat nunc fermentum a. Aliquam ut ultricies mauris, vitae porta nibh. Curabitur libero ligula, pellentesque quis metus ac, fermentum tincidunt purus. Nunc porta in neque ac volutpat. Phasellus tincidunt mattis ex, eget vulputate ligula hendrerit quis. Nunc maximus sagittis leo elementum sollicitudin. Cras tincidunt consequat sagittis. Nullam quis augue nibh. Cras sollicitudin blandit diam in finibus. Duis molestie bibendum ante vel mollis. Donec vitae nunc blandit, tincidunt lectus eu, cursus arcu. '),
(175, 3, 23, 5, 'Vivamus sollicitudin mattis enim, at porta nulla pharetra sagittis. Proin vel dui ac mauris pharetra aliquet. Maecenas vel quam commodo, aliquet ex vel, condimentum ligula. Vivamus pharetra leo nisi, eu faucibus felis egestas sit amet. Praesent risus tortor, hendrerit sed felis et, fringilla viverra nisi. Nam felis urna, aliquet sed dictum in, faucibus id lectus. Etiam tempus eros ultrices risus facilisis efficitur. Sed ornare aliquet justo, vel ullamcorper lectus molestie eu. Nunc suscipit in mi ut cursus. Nullam hendrerit tincidunt cursus. '),
(176, 2, 1, 2, 'Aliquam suscipit diam vel augue ultricies ultrices. Aenean nisi nibh, maximus in purus sed, suscipit gravida sem. Morbi elementum arcu velit. Fusce eget viverra nisi. Nullam a mauris fermentum, fermentum lacus eget, ornare erat. Pellentesque habitant morbi tristique senectus et netus et malesuada fames ac turpis egestas. Maecenas ullamcorper purus sed velit tincidunt faucibus. Donec nec gravida felis, nec sollicitudin metus. Suspendisse potenti. Etiam vitae lectus placerat, dictum tellus sed, gravida lectus. Vivamus mi ex, ullamcorper condimentum aliquet sit amet, pulvinar vitae tortor. '),
(177, 3, 6, 4, 'Suspendisse eget quam fermentum, ultrices lacus a, consectetur arcu. Integer at maximus magna, dapibus pellentesque odio. Sed porta, velit vitae gravida rutrum, quam lacus convallis sapien, rutrum aliquet nibh sem vitae libero. Donec dignissim auctor venenatis. Vestibulum ut eleifend lectus. Morbi elementum nibh velit, et rutrum ligula consequat vitae. Fusce scelerisque dictum metus quis accumsan. Pellentesque tincidunt nunc eu ligula bibendum, non aliquet justo interdum. Suspendisse sit amet aliquam lorem, eu tempor quam. Donec at lectus a risus tincidunt egestas. Nam porta laoreet ex, hendrerit mattis lectus. Proin aliquet eu justo et porttitor. Sed nibh orci, consectetur sed gravida vitae, facilisis ultricies nisi. '),
(178, 1, 54, 3, 'Vivamus lectus risus, elementum ut urna id, lobortis malesuada mauris. Curabitur vitae semper turpis. Nam egestas at sem quis facilisis. Phasellus sollicitudin, lectus at posuere rhoncus, est nisl faucibus nunc, et commodo turpis metus quis sem. Interdum et malesuada fames ac ante ipsum primis in faucibus. Donec viverra eu libero eu hendrerit. In auctor, enim a congue efficitur, lorem nulla porttitor ante, sit amet venenatis ante felis sit amet enim. Aliquam in turpis eu lacus auctor dapibus a a velit. Pellentesque elit augue, eleifend at volutpat eu, sollicitudin vitae nisl. Vestibulum nec hendrerit justo. Phasellus tortor magna, cursus sed cursus vitae, sollicitudin ac magna. Vestibulum egestas, nisi eget mollis aliquet, massa arcu semper eros, vitae pulvinar massa velit nec mi. Fusce elementum enim at accumsan vulputate. Vivamus in leo urna. Aenean cursus venenatis rhoncus. '),
(179, 2, 60, 3, 'In efficitur, felis vitae volutpat lacinia, mauris massa tristique urna, at auctor nisl augue eu est. Curabitur rutrum malesuada suscipit. Fusce et malesuada enim. Sed id interdum magna. Pellentesque habitant morbi tristique senectus et netus et malesuada fames ac turpis egestas. Vestibulum ante ipsum primis in faucibus orci luctus et ultrices posuere cubilia Curae; Cras eu efficitur diam, ac scelerisque ante. Nullam ornare fermentum ipsum, nec pellentesque dui mattis in. Donec consequat at lorem sed posuere. Sed tempus enim lorem, vitae rhoncus lectus aliquet luctus. Vivamus nec lacus cursus, volutpat mi id, mattis ex. Curabitur euismod lobortis commodo. '),
(180, 1, 37, 1, 'Aenean eget nisi elit. Nam finibus auctor nisi quis tristique. Integer porta est lectus. Sed gravida, risus sed luctus lacinia, nibh tellus suscipit arcu, quis aliquet turpis ipsum at odio. Cras ac blandit elit. Praesent elit leo, egestas id nunc posuere, varius tristique risus. Sed consectetur porttitor augue, eget suscipit ex mattis a. Donec rutrum libero ut libero rutrum bibendum. Aliquam imperdiet mauris in aliquam aliquam. Cras sit amet faucibus nulla, at dictum velit. Interdum et malesuada fames ac ante ipsum primis in faucibus. Donec finibus convallis ipsum sit amet sollicitudin. '),
(181, 1, 34, 5, 'Aenean et tempor purus. Fusce ac viverra sem. Donec magna ligula, varius quis porta at, blandit sit amet nisl. Pellentesque vitae nisi mi. Quisque nisi lorem, molestie egestas congue ut, volutpat eget elit. Integer consequat, felis ut luctus scelerisque, neque elit maximus arcu, eget gravida metus arcu ac nunc. Donec et facilisis quam. Nam molestie tempor lorem, vulputate maximus risus fringilla in. Proin urna est, varius in justo id, maximus lobortis velit. '),
(182, 2, 64, 5, 'Class aptent taciti sociosqu ad litora torquent per conubia nostra, per inceptos himenaeos. Nam pretium sodales imperdiet. Nam eleifend efficitur erat, nec finibus erat imperdiet in. Vivamus suscipit velit sed efficitur pellentesque. Nunc gravida mi id auctor efficitur. Integer vel ligula consequat augue vestibulum maximus. Integer porttitor sem at urna viverra pulvinar. Integer id metus eget velit lobortis aliquam sed a mi. Nullam in lacus id mi semper tincidunt. '),
(183, 1, 45, 5, 'Maecenas lacinia est eu nisi molestie placerat. Fusce bibendum ultrices tincidunt. Donec sit amet leo et justo iaculis interdum. Mauris in ante sollicitudin, commodo magna nec, mollis quam. Sed sed posuere massa. Maecenas vel dolor et lacus vestibulum condimentum. Cras rhoncus auctor sem, sit amet tincidunt dolor posuere at. Duis convallis interdum consectetur. Pellentesque mollis purus nunc, quis ultrices elit egestas eget. Proin sit amet ultricies libero. Phasellus auctor rutrum urna, tincidunt fringilla urna cursus et. Donec luctus ex in commodo tincidunt. In venenatis laoreet rutrum. Cras vel tristique ex. Nam tincidunt est ut mauris tristique, nec aliquet tellus suscipit. '),
(184, 2, 54, 2, 'Praesent vel libero non tellus egestas ultrices vel ut felis. Nam ullamcorper enim enim, nec viverra ex hendrerit vitae. Aliquam tristique in neque ac placerat. Pellentesque habitant morbi tristique senectus et netus et malesuada fames ac turpis egestas. Nullam pharetra at arcu ultricies condimentum. Proin erat tortor, luctus vitae ex sed, rhoncus pulvinar urna. Fusce sed nunc nec odio consectetur feugiat. Nam maximus velit at rutrum molestie. In hac habitasse platea dictumst. Nunc nec aliquet turpis. '),
(185, 3, 9, 1, 'Morbi sapien diam, bibendum eu congue ac, tristique at sem. Maecenas ultricies facilisis metus, sit amet lobortis enim sagittis vel. Nam vestibulum imperdiet est nec imperdiet. Ut varius molestie nulla non suscipit. Etiam malesuada lectus non quam suscipit consectetur. Integer vehicula augue vitae orci tristique luctus. Proin libero velit, posuere et feugiat at, posuere ut massa. Cras rhoncus maximus risus vel pretium. Quisque quis tristique metus, ac tincidunt turpis. '),
(186, 2, 56, 2, 'Integer auctor justo vel commodo tincidunt. Vivamus consequat nisl nibh, sit amet mollis tortor mattis in. Praesent eu tristique dui. Nulla quis maximus urna. Curabitur urna risus, egestas nec justo non, porta dignissim elit. Vivamus et nibh et dui convallis consectetur. Morbi vitae dapibus ipsum. Mauris dictum imperdiet quam a vulputate. '),
(187, 3, 44, 2, 'Maecenas eget purus ullamcorper, imperdiet metus a, posuere elit. Aliquam erat volutpat. Morbi nec fringilla risus. Cras id arcu at erat pulvinar tincidunt. Suspendisse ac velit ornare, feugiat mi eget, semper leo. Integer ullamcorper dolor a purus vulputate, nec suscipit quam molestie. Nunc vitae euismod risus. Vivamus posuere purus id ante fringilla blandit. '),
(188, 2, 53, 4, 'Morbi sem erat, suscipit sit amet dui sit amet, faucibus pharetra urna. Vivamus ante nisi, consequat id ornare in, imperdiet sit amet neque. Aenean at risus porttitor dolor dictum sagittis. In pharetra, urna sed tempus volutpat, felis ante elementum metus, vel ornare eros ipsum nec lacus. Nam tempus lorem ut tellus tincidunt, consectetur volutpat orci euismod. Duis in dolor tortor. Cras auctor malesuada elit. Duis egestas, mi at commodo blandit, tellus ligula elementum tortor, ut faucibus lacus leo in nibh. In scelerisque elit nunc, porttitor viverra ante porta nec. In auctor augue ipsum, eu condimentum metus mattis nec. Class aptent taciti sociosqu ad litora torquent per conubia nostra, per inceptos himenaeos. '),
(189, 1, 66, 1, 'Integer condimentum tincidunt lacus quis dignissim. Integer porta non nisl nec lobortis. Pellentesque aliquam vel nibh ac varius. Integer mattis lectus ante, non porttitor neque auctor sed. Curabitur blandit risus non mauris vehicula, a venenatis ante malesuada. Nullam eleifend sem pharetra massa accumsan fermentum. Aenean hendrerit interdum massa, a vehicula lorem efficitur fermentum. Mauris massa nisi, ornare sed tristique eu, molestie ornare ligula. Fusce rutrum felis molestie lacus tristique bibendum. Proin cursus diam ut sem congue elementum. Suspendisse mi ipsum, commodo id pulvinar non, consequat non ante. Nullam rutrum sed arcu ut volutpat. '),
(190, 1, 29, 2, 'Pellentesque fringilla mollis ipsum, in lobortis lorem laoreet vel. Etiam tincidunt dolor id leo porta accumsan et eu felis. Vivamus est justo, auctor eu condimentum et, volutpat ac ligula. Vivamus lobortis elementum eleifend. Maecenas nec tempus ligula. In porttitor sagittis ipsum, et tincidunt justo tincidunt sed. Quisque mattis massa sit amet dapibus condimentum. '),
(191, 3, 58, 3, 'Vestibulum ante ipsum primis in faucibus orci luctus et ultrices posuere cubilia Curae; In sit amet ullamcorper quam. Nam sollicitudin condimentum elementum. Sed iaculis, tortor non consectetur fermentum, mauris ipsum sodales tortor, eu imperdiet ipsum enim mattis velit. Maecenas posuere ex nec placerat posuere. Pellentesque consequat blandit erat, vel venenatis neque porttitor eu. Donec scelerisque tortor ut pretium accumsan. Quisque ut molestie diam. Duis finibus rutrum magna at interdum. '),
(192, 1, 34, 4, 'Donec nec urna commodo metus tincidunt viverra sit amet molestie felis. In vel iaculis sem. Aliquam id consequat lorem. Maecenas lacinia, est sit amet bibendum hendrerit, lacus sapien accumsan ex, eget ullamcorper dui ligula a tellus. Praesent sodales vel felis id convallis. Sed nec auctor tortor. Sed dignissim nec orci ut aliquet. Nunc viverra arcu id lorem interdum, vitae dignissim massa aliquet. Cras et ante vitae quam volutpat facilisis eget vel risus. '),
(193, 3, 4, 1, 'Phasellus ac odio nec augue cursus sagittis. Nullam porttitor auctor nibh nec lacinia. Phasellus mattis, urna vitae tempus lacinia, tellus sapien bibendum nunc, et tincidunt quam mauris eget enim. Fusce vel neque quam. Pellentesque ullamcorper at risus sed ultricies. Integer ut risus eget augue feugiat porttitor viverra a eros. Nullam commodo, diam quis hendrerit mattis, elit orci condimentum mauris, eget mollis neque nisl et urna. Nullam vestibulum turpis sed nibh semper, ut vehicula erat imperdiet. '),
(194, 1, 50, 3, 'Quisque at rhoncus metus. Integer vitae elit ut dolor eleifend tristique id vitae eros. Maecenas mattis enim ipsum, nec ullamcorper nibh semper in. Nullam sodales ullamcorper dolor, eu efficitur dolor consequat nec. Quisque dignissim est at nunc lacinia, tempor tempor nulla iaculis. Praesent placerat, magna ac aliquam commodo, leo dui hendrerit justo, at ultrices velit nulla at nibh. Aenean a orci nec augue dictum ornare nec non lacus. In magna nisi, euismod ut ante eu, posuere rhoncus sem. Ut tempus ac libero pulvinar pulvinar. Vestibulum ante ipsum primis in faucibus orci luctus et ultrices posuere cubilia Curae; Nulla quis felis nec ex placerat dapibus. Ut vel suscipit dolor, at scelerisque est. Donec at erat sodales, commodo ante quis, porttitor nisi. Phasellus vehicula odio magna, eget faucibus ipsum tincidunt vel. '),
(195, 3, 20, 3, 'Donec lacinia, elit sed vulputate placerat, lorem sem cursus augue, ut aliquam orci nisl porttitor dolor. Donec molestie suscipit aliquam. Suspendisse vel quam orci. In in vestibulum velit, at dapibus purus. Ut faucibus eros eget mi ullamcorper, eget semper ante ullamcorper. Pellentesque congue bibendum orci, at aliquam ipsum suscipit non. Interdum et malesuada fames ac ante ipsum primis in faucibus. Mauris elementum convallis libero eu suscipit. Proin malesuada enim at dui faucibus porttitor. Proin sed elit sem. '),
(196, 2, 61, 5, 'Donec nec urna commodo metus tincidunt viverra sit amet molestie felis. In vel iaculis sem. Aliquam id consequat lorem. Maecenas lacinia, est sit amet bibendum hendrerit, lacus sapien accumsan ex, eget ullamcorper dui ligula a tellus. Praesent sodales vel felis id convallis. Sed nec auctor tortor. Sed dignissim nec orci ut aliquet. Nunc viverra arcu id lorem interdum, vitae dignissim massa aliquet. Cras et ante vitae quam volutpat facilisis eget vel risus. '),
(197, 3, 23, 4, 'Quisque a urna quam. Fusce pretium cursus velit, non pulvinar ante varius non. Donec ac libero a lectus congue finibus. Curabitur dictum est vel justo mattis congue. Fusce sit amet tortor sapien. Aenean interdum libero egestas ex molestie mattis. Fusce pellentesque eu felis sollicitudin cursus. Maecenas ut dolor augue. Proin dictum aliquam sodales. In eget nisi vulputate, consectetur enim eu, aliquam neque. Cum sociis natoque penatibus et magnis dis parturient montes, nascetur ridiculus mus. Proin vestibulum blandit ultricies. Donec facilisis nec quam in pretium. '),
(198, 1, 52, 1, 'Aliquam sed nunc nec nunc scelerisque porta. Donec egestas pellentesque sollicitudin. Sed metus lectus, malesuada eu elementum non, molestie non ante. In condimentum lectus velit, sit amet consectetur velit malesuada sit amet. Cras ultricies vulputate nulla nec suscipit. Aliquam vitae turpis quis quam aliquam luctus. Vivamus accumsan imperdiet scelerisque. Nunc dolor lacus, molestie ac efficitur eget, posuere maximus nisl. Quisque vulputate auctor magna, ac placerat tortor convallis eu. '),
(199, 3, 63, 3, 'Phasellus venenatis neque mi, eget gravida odio congue sed. Vestibulum sodales lorem vel quam varius pharetra. Mauris dolor urna, posuere eget nibh a, sagittis interdum mi. Vivamus sed lobortis massa. Mauris sed quam tortor. Morbi id mollis leo. In fringilla erat ac euismod finibus. Nulla mollis, lacus at sodales faucibus, odio leo vestibulum nisi, vitae congue leo turpis ut sapien. Sed consequat ut lectus non viverra. In ac molestie risus, sit amet fringilla turpis. Ut cursus augue sed tristique consectetur. Etiam tempus neque finibus enim fringilla egestas. Donec sodales turpis orci, non lacinia turpis fermentum a. Phasellus volutpat lacus sed ultricies vehicula. '),
(200, 1, 5, 2, 'Pellentesque ultricies odio nec ante feugiat, vitae fermentum lectus aliquet. Cras sapien orci, malesuada sed placerat vitae, bibendum vitae nulla. Etiam tincidunt fringilla ante, tempus mattis risus rutrum eget. Vestibulum enim eros, ullamcorper vel turpis vitae, facilisis dapibus felis. Sed mollis pellentesque nulla sit amet viverra. Phasellus elementum vestibulum sapien et vehicula. Sed ut dolor sit amet quam hendrerit pellentesque. Donec congue, lorem ut sodales bibendum, nunc ante eleifend dui, a varius dui lectus a ex. Nullam a accumsan nunc, laoreet mollis tellus. Praesent consequat eu sapien id sagittis. ');

-- --------------------------------------------------------

--
-- Table structure for table `special_offer`
--

CREATE TABLE IF NOT EXISTS `special_offer` (
  `special_offer_id` int(11) NOT NULL,
  `product` int(11) NOT NULL,
  `active` tinyint(1) NOT NULL DEFAULT '1',
  `date_created` datetime NOT NULL,
  `user_created` int(11) NOT NULL,
  `date_deleted` datetime DEFAULT NULL,
  `user_deleted` int(11) DEFAULT NULL
) ENGINE=InnoDB AUTO_INCREMENT=7 DEFAULT CHARSET=utf8;

--
-- Dumping data for table `special_offer`
--

INSERT INTO `special_offer` (`special_offer_id`, `product`, `active`, `date_created`, `user_created`, `date_deleted`, `user_deleted`) VALUES
(1, 1, 1, '2016-03-19 22:40:54', 1, NULL, NULL),
(2, 2, 1, '2016-03-19 22:40:54', 1, NULL, NULL),
(3, 3, 1, '2016-03-19 22:40:54', 2, NULL, NULL),
(4, 4, 1, '2016-03-19 22:40:54', 2, NULL, NULL),
(5, 5, 1, '2016-03-19 22:40:54', 3, NULL, NULL),
(6, 6, 1, '2016-03-19 22:40:54', 3, NULL, NULL);

-- --------------------------------------------------------

--
-- Table structure for table `units`
--

CREATE TABLE IF NOT EXISTS `units` (
  `unit_id` int(11) NOT NULL,
  `name` varchar(50) NOT NULL
) ENGINE=InnoDB AUTO_INCREMENT=3 DEFAULT CHARSET=utf8;

--
-- Dumping data for table `units`
--

INSERT INTO `units` (`unit_id`, `name`) VALUES
(1, 'One'),
(2, 'Pair');

-- --------------------------------------------------------

--
-- Table structure for table `users`
--

CREATE TABLE IF NOT EXISTS `users` (
  `user_id` int(11) NOT NULL,
  `email` varchar(100) NOT NULL,
  `password` char(32) NOT NULL,
  `firstname` varchar(100) NOT NULL,
  `lastname` varchar(100) NOT NULL,
  `address` varchar(100) NOT NULL,
  `postoffice` varchar(100) NOT NULL,
  `city` varchar(100) NOT NULL,
  `state` varchar(100) DEFAULT NULL,
  `country` varchar(100) NOT NULL,
  `role` varchar(50) NOT NULL DEFAULT 'Customer',
  `datecreated` timestamp NOT NULL DEFAULT CURRENT_TIMESTAMP ON UPDATE CURRENT_TIMESTAMP,
  `dateaccessed` timestamp NOT NULL DEFAULT '0000-00-00 00:00:00',
  `active` tinyint(1) NOT NULL DEFAULT '1',
  `deleted` tinyint(1) NOT NULL DEFAULT '0'
) ENGINE=InnoDB AUTO_INCREMENT=4 DEFAULT CHARSET=utf8;

--
-- Dumping data for table `users`
--

INSERT INTO `users` (`user_id`, `email`, `password`, `firstname`, `lastname`, `address`, `postoffice`, `city`, `state`, `country`, `role`, `datecreated`, `dateaccessed`, `active`, `deleted`) VALUES
(1, 'luketic.damir@gmail.com', 'a722c63db8ec8625af6cf71cb8c2d939', 'Damir', 'Luketi', 'Stonska 4', '31000', 'Osijek', NULL, 'Croatia', 'admin', '2015-12-12 13:35:28', '2016-03-19 21:40:52', 1, 0),
(2, 'luketic.darko@gmail.com', 'c1572d05424d0ecb2a65ec6a82aeacbf', 'Darko', 'Luketi', 'V.P. Gore 4', '31000', 'Osijek', NULL, 'Croatia', 'customer', '2015-12-26 03:35:45', '2016-03-19 21:40:52', 1, 0),
(3, 'zrasic@gmail.com', '3afc79b597f88a72528e864cf81856d2', 'Zdravko', 'Rai', 'Radieva 15', '31000', 'Osijek', NULL, 'Croatia', 'customer', '2016-02-01 05:31:34', '2016-03-19 21:40:52', 1, 0);

-- --------------------------------------------------------

--
-- Table structure for table `users_hold_on_carts`
--

CREATE TABLE IF NOT EXISTS `users_hold_on_carts` (
  `id` int(11) NOT NULL,
  `user` int(11) NOT NULL,
  `product` int(11) NOT NULL,
  `quantity` int(11) NOT NULL,
  `price` decimal(18,2) NOT NULL,
  `in_cart_set` datetime DEFAULT NULL,
  `in_cart_deleted` timestamp NOT NULL DEFAULT CURRENT_TIMESTAMP ON UPDATE CURRENT_TIMESTAMP
) ENGINE=InnoDB DEFAULT CHARSET=utf8;

--
-- Indexes for dumped tables
--

--
-- Indexes for table `carts`
--
ALTER TABLE `carts`
  ADD PRIMARY KEY (`id`),
  ADD KEY `user` (`user`),
  ADD KEY `product` (`product`);

--
-- Indexes for table `categories`
--
ALTER TABLE `categories`
  ADD PRIMARY KEY (`category_id`),
  ADD KEY `user_created` (`user_created`),
  ADD KEY `user_accessed` (`user_accessed`),
  ADD KEY `parent` (`parent`);

--
-- Indexes for table `categories_products`
--
ALTER TABLE `categories_products`
  ADD PRIMARY KEY (`category_product_id`),
  ADD KEY `product` (`product`),
  ADD KEY `category` (`category`);

--
-- Indexes for table `images`
--
ALTER TABLE `images`
  ADD PRIMARY KEY (`image_id`),
  ADD KEY `product` (`product`);

--
-- Indexes for table `invoices`
--
ALTER TABLE `invoices`
  ADD PRIMARY KEY (`invoices_id`),
  ADD KEY `payment` (`payment`),
  ADD KEY `user` (`user`);

--
-- Indexes for table `invoices_items`
--
ALTER TABLE `invoices_items`
  ADD KEY `product` (`product`),
  ADD KEY `invoice` (`invoice`);

--
-- Indexes for table `payments`
--
ALTER TABLE `payments`
  ADD PRIMARY KEY (`payment_id`);

--
-- Indexes for table `products`
--
ALTER TABLE `products`
  ADD PRIMARY KEY (`product_id`),
  ADD UNIQUE KEY `ui2` (`sku`),
  ADD KEY `unit` (`unit`),
  ADD KEY `user_created` (`user_created`),
  ADD KEY `user_accessed` (`user_accessed`);

--
-- Indexes for table `reviews`
--
ALTER TABLE `reviews`
  ADD PRIMARY KEY (`id`),
  ADD KEY `user` (`user`),
  ADD KEY `product` (`product`);

--
-- Indexes for table `special_offer`
--
ALTER TABLE `special_offer`
  ADD PRIMARY KEY (`special_offer_id`),
  ADD KEY `product` (`product`),
  ADD KEY `user_created` (`user_created`),
  ADD KEY `user_deleted` (`user_deleted`);

--
-- Indexes for table `units`
--
ALTER TABLE `units`
  ADD PRIMARY KEY (`unit_id`);

--
-- Indexes for table `users`
--
ALTER TABLE `users`
  ADD PRIMARY KEY (`user_id`),
  ADD UNIQUE KEY `ui1` (`email`);

--
-- Indexes for table `users_hold_on_carts`
--
ALTER TABLE `users_hold_on_carts`
  ADD PRIMARY KEY (`id`),
  ADD KEY `user` (`user`),
  ADD KEY `product` (`product`);

--
-- AUTO_INCREMENT for dumped tables
--

--
-- AUTO_INCREMENT for table `carts`
--
ALTER TABLE `carts`
  MODIFY `id` int(11) NOT NULL AUTO_INCREMENT;
--
-- AUTO_INCREMENT for table `categories`
--
ALTER TABLE `categories`
  MODIFY `category_id` int(11) NOT NULL AUTO_INCREMENT,AUTO_INCREMENT=17;
--
-- AUTO_INCREMENT for table `categories_products`
--
ALTER TABLE `categories_products`
  MODIFY `category_product_id` int(11) NOT NULL AUTO_INCREMENT,AUTO_INCREMENT=138;
--
-- AUTO_INCREMENT for table `images`
--
ALTER TABLE `images`
  MODIFY `image_id` int(11) NOT NULL AUTO_INCREMENT,AUTO_INCREMENT=68;
--
-- AUTO_INCREMENT for table `invoices`
--
ALTER TABLE `invoices`
  MODIFY `invoices_id` int(11) NOT NULL AUTO_INCREMENT;
--
-- AUTO_INCREMENT for table `payments`
--
ALTER TABLE `payments`
  MODIFY `payment_id` int(11) NOT NULL AUTO_INCREMENT,AUTO_INCREMENT=3;
--
-- AUTO_INCREMENT for table `products`
--
ALTER TABLE `products`
  MODIFY `product_id` int(11) NOT NULL AUTO_INCREMENT,AUTO_INCREMENT=67;
--
-- AUTO_INCREMENT for table `reviews`
--
ALTER TABLE `reviews`
  MODIFY `id` int(11) NOT NULL AUTO_INCREMENT,AUTO_INCREMENT=201;
--
-- AUTO_INCREMENT for table `special_offer`
--
ALTER TABLE `special_offer`
  MODIFY `special_offer_id` int(11) NOT NULL AUTO_INCREMENT,AUTO_INCREMENT=7;
--
-- AUTO_INCREMENT for table `units`
--
ALTER TABLE `units`
  MODIFY `unit_id` int(11) NOT NULL AUTO_INCREMENT,AUTO_INCREMENT=3;
--
-- AUTO_INCREMENT for table `users`
--
ALTER TABLE `users`
  MODIFY `user_id` int(11) NOT NULL AUTO_INCREMENT,AUTO_INCREMENT=4;
--
-- AUTO_INCREMENT for table `users_hold_on_carts`
--
ALTER TABLE `users_hold_on_carts`
  MODIFY `id` int(11) NOT NULL AUTO_INCREMENT;
--
-- Constraints for dumped tables
--

--
-- Constraints for table `carts`
--
ALTER TABLE `carts`
  ADD CONSTRAINT `carts_ibfk_1` FOREIGN KEY (`user`) REFERENCES `users` (`user_id`),
  ADD CONSTRAINT `carts_ibfk_2` FOREIGN KEY (`product`) REFERENCES `products` (`product_id`);

--
-- Constraints for table `categories`
--
ALTER TABLE `categories`
  ADD CONSTRAINT `categories_ibfk_1` FOREIGN KEY (`user_created`) REFERENCES `users` (`user_id`),
  ADD CONSTRAINT `categories_ibfk_2` FOREIGN KEY (`user_accessed`) REFERENCES `users` (`user_id`),
  ADD CONSTRAINT `categories_ibfk_3` FOREIGN KEY (`parent`) REFERENCES `categories` (`category_id`);

--
-- Constraints for table `categories_products`
--
ALTER TABLE `categories_products`
  ADD CONSTRAINT `categories_products_ibfk_1` FOREIGN KEY (`product`) REFERENCES `products` (`product_id`),
  ADD CONSTRAINT `categories_products_ibfk_2` FOREIGN KEY (`category`) REFERENCES `categories` (`category_id`);

--
-- Constraints for table `images`
--
ALTER TABLE `images`
  ADD CONSTRAINT `images_ibfk_1` FOREIGN KEY (`product`) REFERENCES `products` (`product_id`);

--
-- Constraints for table `invoices`
--
ALTER TABLE `invoices`
  ADD CONSTRAINT `invoices_ibfk_1` FOREIGN KEY (`payment`) REFERENCES `payments` (`payment_id`),
  ADD CONSTRAINT `invoices_ibfk_2` FOREIGN KEY (`user`) REFERENCES `users` (`user_id`);

--
-- Constraints for table `invoices_items`
--
ALTER TABLE `invoices_items`
  ADD CONSTRAINT `invoices_items_ibfk_1` FOREIGN KEY (`product`) REFERENCES `products` (`product_id`),
  ADD CONSTRAINT `invoices_items_ibfk_2` FOREIGN KEY (`invoice`) REFERENCES `invoices` (`invoices_id`);

--
-- Constraints for table `products`
--
ALTER TABLE `products`
  ADD CONSTRAINT `products_ibfk_1` FOREIGN KEY (`unit`) REFERENCES `units` (`unit_id`),
  ADD CONSTRAINT `products_ibfk_2` FOREIGN KEY (`user_created`) REFERENCES `users` (`user_id`),
  ADD CONSTRAINT `products_ibfk_3` FOREIGN KEY (`user_accessed`) REFERENCES `users` (`user_id`);

--
-- Constraints for table `reviews`
--
ALTER TABLE `reviews`
  ADD CONSTRAINT `reviews_ibfk_1` FOREIGN KEY (`user`) REFERENCES `users` (`user_id`),
  ADD CONSTRAINT `reviews_ibfk_2` FOREIGN KEY (`product`) REFERENCES `products` (`product_id`);

--
-- Constraints for table `special_offer`
--
ALTER TABLE `special_offer`
  ADD CONSTRAINT `special_offer_ibfk_1` FOREIGN KEY (`product`) REFERENCES `products` (`product_id`),
  ADD CONSTRAINT `special_offer_ibfk_2` FOREIGN KEY (`user_created`) REFERENCES `users` (`user_id`),
  ADD CONSTRAINT `special_offer_ibfk_3` FOREIGN KEY (`user_deleted`) REFERENCES `users` (`user_id`);

--
-- Constraints for table `users_hold_on_carts`
--
ALTER TABLE `users_hold_on_carts`
  ADD CONSTRAINT `users_hold_on_carts_ibfk_1` FOREIGN KEY (`user`) REFERENCES `users` (`user_id`),
  ADD CONSTRAINT `users_hold_on_carts_ibfk_2` FOREIGN KEY (`product`) REFERENCES `products` (`product_id`);

/*!40101 SET CHARACTER_SET_CLIENT=@OLD_CHARACTER_SET_CLIENT */;
/*!40101 SET CHARACTER_SET_RESULTS=@OLD_CHARACTER_SET_RESULTS */;
/*!40101 SET COLLATION_CONNECTION=@OLD_COLLATION_CONNECTION */;
